scholarship_id,scholarship_name,ministry,department,scheme_type,academic_year,education_level,course,state,category,gender,income_limit,academic_requirement,benefit,opening_date,closing_date,verification_deadline,documents,eligibility_rules,official_url,education_level_std,category_std,income_limit_inr
NSP001,Prime Minister's Scholarship Scheme For Wards Of States/UTs Police Personnel Martyred During Terror/Naxal Attacks,Ministry of Home Affairs,Ministry of Home Affairs,Central Sector (Merit),2026-27,Not Specified,Not Specified,All India,Wards/widows of State Police personnel martyred in Terror/Naxal attacks,All,No income limit,60%+ in qualifying exam,"₹3,000/month (girls), ₹2,500/month (boys)",01-06-2026,31-10-2026,30-11-2026,"Aadhaar Card, Income Certificate, Category/Caste Certificate (if applicable), Domicile Certificate (state schemes), Previous Marksheet, Bonafide/Admission Certificate, Aadhaar-linked Bank Passbook",Not Specified (see official guidelines),https://scholarships.gov.in/public/schemeGuidelines/warb/PMSS_Guidelines_1197_3001-2023-24.pdf,,Wards/widows of State Police personnel martyred in Terror/Naxal attacks,
NSP002,Prime Minister's Scholarship Scheme For Central Armed Police Forces And Assam Rifles,Ministry of Home Affairs,Ministry of Home Affairs,Central Sector (Merit),2026-27,Not Specified,Not Specified,All India,Wards/widows of CAPF & Assam Rifles personnel (killed/disabled/retired/serving),All,No income limit,60%+ in qualifying entry exam,"₹3,000/month = ₹36,000/yr (girls); ₹2,500/month = ₹30,000/yr (boys)",01-06-2026,31-10-2026,30-11-2026,"Aadhaar Card, Income Certificate, Category/Caste Certificate (if applicable), Domicile Certificate (state schemes), Previous Marksheet, Bonafide/Admission Certificate, Aadhaar-linked Bank Passbook",Not Specified (see official guidelines),https://scholarships.gov.in/public/schemeGuidelines/warb/PMSS_Guidelines_1197_3001-2023-24.pdf,,Wards/widows of CAPF & Assam Rifles personnel (killed/disabled/retired/serving),
NSP003,AICTE - Swanath Scholarship Scheme (Technical Degree),All India Council For Technical Education,All India Council For Technical Education,Central Sector (Welfare),2026-27,Undergraduate,Not Specified,All India,Orphan / both parents deceased,All,Not Specified,Admitted to 1st year of AICTE-approved Degree/Diploma,"Tuition fee up to ₹50,000/year + ₹2,000/month incidentals",01-06-2026,31-10-2026,30-11-2026,"Aadhaar Card, Parents' Death Certificate(s), Previous Marksheet, Bonafide Certificate, Aadhaar-linked Bank Passbook",category=Orphan AND admitted_1st_year_AICTE_institute=True,https://scholarships.gov.in/public/schemeGuidelines/AICTE/AICTE_3039_G.pdf,undergraduate,Orphan / both parents deceased,
NSP004,PM USP Special Scholarship Scheme For Jammu Kashmir And Ladakh,All India Council For Technical Education,All India Council For Technical Education,Central Sector (Merit),2026-27,Not Specified,Not Specified,"Jammu and Kashmir, Ladakh",Not Specified,All,Not Specified,Not Specified,Not Specified,01-06-2026,30-09-2026,30-10-2026,"Aadhaar Card, Income Certificate, Category/Caste Certificate (if applicable), Domicile Certificate (state schemes), Previous Marksheet, Bonafide/Admission Certificate, Aadhaar-linked Bank Passbook","domicile=Jammu and Kashmir, Ladakh",https://scholarships.gov.in/public/schemeGuidelines/AICTE/PM_USPY(SSSJKL)SchemeSpecifications.pdf,,Not Specified,
NSP005,AICTE - Pragati Scholarship Scheme For Girl Students (Technical Degree),All India Council For Technical Education,All India Council For Technical Education,Central Sector (Merit),2026-27,Undergraduate,Not Specified,All India,Not Specified,Female,"₹8,00,000 per annum",Admitted to 1st year of AICTE-approved Degree/Diploma via centralized admission,"Tuition fee up to ₹30,000-₹50,000/year + ₹2,000/month incidentals (up to 4 yrs degree/3 yrs diploma)",01-06-2026,31-10-2026,30-11-2026,"Aadhaar Card, Income Certificate, Category/Caste Certificate (if applicable), Previous Marksheet, Bonafide/Admission Certificate, Aadhaar-linked Bank Passbook",gender=Female AND income<=800000 AND admitted_1st_year_AICTE_institute=True AND max_2_per_family=True,https://scholarships.gov.in/public/schemeGuidelines/AICTE/AICTE_2010_G.pdf,undergraduate,Not Specified,800000.0
NSP006,AICTE - Pragati Scholarship Scheme For Girl Students (Technical Diploma),All India Council For Technical Education,All India Council For Technical Education,Central Sector (Merit),2026-27,Diploma,Not Specified,All India,Not Specified,Female,"₹8,00,000 per annum",Admitted to 1st year of AICTE-approved Degree/Diploma via centralized admission,"Tuition fee up to ₹30,000-₹50,000/year + ₹2,000/month incidentals (up to 4 yrs degree/3 yrs diploma)",01-06-2026,31-10-2026,30-11-2026,"Aadhaar Card, Income Certificate, Category/Caste Certificate (if applicable), Previous Marksheet, Bonafide/Admission Certificate, Aadhaar-linked Bank Passbook",gender=Female AND income<=800000 AND admitted_1st_year_AICTE_institute=True AND max_2_per_family=True,https://scholarships.gov.in/public/schemeGuidelines/AICTE/AICTE_2011_G.pdf,undergraduate,Not Specified,800000.0
NSP007,AICTE - Saksham Scholarship Scheme For Specially Abled Students (Technical Diploma),All India Council For Technical Education,All India Council For Technical Education,Central Sector (Welfare),2026-27,Diploma,Not Specified,All India,PwD (40%+ disability),All,Not Specified,Admitted to 1st year of AICTE-approved Degree/Diploma; benchmark disability 40%+,"Tuition fee up to ₹30,000-₹50,000/year + ₹2,000/month incidentals",01-06-2026,31-10-2026,30-11-2026,"Aadhaar Card, Disability Certificate (40%+ benchmark), Income Certificate, Previous Marksheet, Bonafide Certificate, Aadhaar-linked Bank Passbook",category=PwD(>=40%) AND admitted_1st_year_AICTE_institute=True,https://scholarships.gov.in/public/schemeGuidelines/AICTE/AICTE_2013_G.pdf,undergraduate,PwD (40%+ disability),
NSP008,AICTE - Saksham Scholarship Scheme For Specially Abled Students (Technical Degree),All India Council For Technical Education,All India Council For Technical Education,Central Sector (Welfare),2026-27,Undergraduate,Not Specified,All India,PwD (40%+ disability),All,Not Specified,Admitted to 1st year of AICTE-approved Degree/Diploma; benchmark disability 40%+,"Tuition fee up to ₹30,000-₹50,000/year + ₹2,000/month incidentals",01-06-2026,31-10-2026,30-11-2026,"Aadhaar Card, Disability Certificate (40%+ benchmark), Income Certificate, Previous Marksheet, Bonafide Certificate, Aadhaar-linked Bank Passbook",category=PwD(>=40%) AND admitted_1st_year_AICTE_institute=True,https://scholarships.gov.in/public/schemeGuidelines/AICTE/AICTE_2012_G.pdf,undergraduate,PwD (40%+ disability),
NSP009,AICTE - Swanath Scholarship Scheme (Technical Diploma),All India Council For Technical Education,All India Council For Technical Education,Central Sector (Welfare),2026-27,Diploma,Not Specified,All India,Orphan / both parents deceased,All,Not Specified,Admitted to 1st year of AICTE-approved Degree/Diploma,"Tuition fee up to ₹50,000/year + ₹2,000/month incidentals",01-06-2026,31-10-2026,30-11-2026,"Aadhaar Card, Parents' Death Certificate(s), Previous Marksheet, Bonafide Certificate, Aadhaar-linked Bank Passbook",category=Orphan AND admitted_1st_year_AICTE_institute=True,https://scholarships.gov.in/public/schemeGuidelines/AICTE/AICTE_3038_G.pdf,undergraduate,Orphan / both parents deceased,
NSP010,National Scholarship For Post Graduate Studies,UGC,UGC,Central Sector (Merit),2026-27,Postgraduate,Not Specified,All India,Not Specified,All,Not Specified,Merit in qualifying UG exam / rank-based,"₹3,100-₹12,400/month depending on discipline",16-09-2026,31-10-2026,30-11-2026,"Aadhaar Card, Previous Marksheet/Rank Card, Domicile Certificate, Category Certificate (if applicable), Bonafide Certificate, Aadhaar-linked Bank Passbook",education_level=PG AND merit_rank_qualified=True,https://scholarships.gov.in/public/schemeGuidelines/Guidelines_NATIONAL_SCHOLARSHIP_FOR_POSTGRADUATE_STUDIES_UGC_2324.pdf,postgraduate,Not Specified,
NSP011,Ishan Uday Special Scholarship Scheme For NER,UGC,UGC,Central Sector (Merit),2026-27,Not Specified,Not Specified,North Eastern Region,Not Specified,All,"₹4,50,000 per annum",Domicile of North Eastern Region; enrolled in UG/PG course,"Up to ₹5,000/month",16-09-2026,31-10-2026,30-11-2026,"Aadhaar Card, Income Certificate, Category/Caste Certificate (if applicable), Previous Marksheet, Bonafide/Admission Certificate, Aadhaar-linked Bank Passbook","state=NorthEasternRegion AND income<=450000 AND education_level in [UG,PG]",https://scholarships.gov.in/public/schemeGuidelines/Guidelines_ISHAN%20UDAY_2324.pdf,,Not Specified,450000.0
NSP012,Financial Assistance For Education To The Wards Of Beedi/Cine/IOMC/LSDM Workers - Pre Matric,Ministry of Labour & Employment,Ministry of Labour & Employment,Central Sector (Welfare),2026-27,School,Not Specified,All India,Children of Beedi/Cine/IOMC/LSDM workers,All,Not Specified,Enrolled in recognized school,Monthly stipend (Pre-Matric stage),01-06-2026,30-09-2026,31-10-2026,"Aadhaar Card, Income Certificate, Category/Caste Certificate (if applicable), Domicile Certificate (state schemes), Previous Marksheet, Bonafide/Admission Certificate, Aadhaar-linked Bank Passbook",education_level=School,https://scholarships.gov.in/public/schemeGuidelines/Labour_Ministry_Guidelines_of_scholarhsips%20schemes.pdf,school,Children of Beedi/Cine/IOMC/LSDM workers,
NSP013,Financial Assistance For Education To The Wards Of Beedi/Cine/IOMC/LSDM Workers - Post Matric,Ministry of Labour & Employment,Ministry of Labour & Employment,Central Sector (Welfare),2026-27,Not Specified,Not Specified,All India,Children of Beedi/Cine/IOMC/LSDM workers,All,Not Specified,Not Specified,Monthly stipend (Post-Matric stage),01-06-2026,31-10-2026,30-11-2026,"Aadhaar Card, Income Certificate, Category/Caste Certificate (if applicable), Domicile Certificate (state schemes), Previous Marksheet, Bonafide/Admission Certificate, Aadhaar-linked Bank Passbook",Not Specified (see official guidelines),https://scholarships.gov.in/public/schemeGuidelines/Labour_Ministry_Guidelines_of_scholarhsips%20schemes.pdf,,Children of Beedi/Cine/IOMC/LSDM workers,
NSP014,"PM YASASVI Central Sector Scheme Of Top Class Education In Schools For OBC, EBC And DNT Students",Department of Social Justice & Empowerment (Backward Classes),Department of Social Justice & Empowerment (Backward Classes),Central Sector (Merit),2026-27,Not Specified,Not Specified,All India,"OBC, EBC, DNT",All,"₹2,50,000 per annum",Merit-based selection; enrolled in empanelled top-class school (Class 9-10),"Up to ₹75,000/year (Class 9-10)",01-06-2026,30-09-2026,31-10-2026,"Aadhaar Card, Income Certificate, Category/Caste Certificate (if applicable), Previous Marksheet, Bonafide/Admission Certificate, Aadhaar-linked Bank Passbook","category in [OBC,EBC,DNT] AND income<=250000 AND education_level=School(9-10) AND institute in empanelled_list",https://scholarships.gov.in/public/schemeGuidelines/3061_G.pdf,,OBC|EBC|DNT,250000.0
NSP015,"PM YASASVI Central Sector Scheme Of Top Class Education In College For OBC, EBC And DNT Students",Department of Social Justice & Empowerment (Backward Classes),Department of Social Justice & Empowerment (Backward Classes),Central Sector (Merit),2026-27,Not Specified,Not Specified,All India,"OBC, EBC, DNT",All,"₹2,50,000 per annum",Merit-based selection; enrolled in empanelled top-class institution (Class 11-12/UG/PG),"Up to ₹1,25,000/year",01-06-2026,31-10-2026,30-11-2026,"Aadhaar Card, Income Certificate, Category/Caste Certificate (if applicable), Previous Marksheet, Bonafide/Admission Certificate, Aadhaar-linked Bank Passbook","category in [OBC,EBC,DNT] AND income<=250000 AND education_level in [Class11,Class12,UG,PG] AND institute in empanelled_list",https://scholarships.gov.in/public/schemeGuidelines/ApprovedmodifieddraftofTopClassCollege.pdf,,OBC|EBC|DNT,250000.0
NSP016,National Renewable Energy Fellowship Scheme,Ministry of New And Renewable Energy,Ministry of New And Renewable Energy,Central Sector (Merit),2026-27,Not Specified,Not Specified,All India,Not Specified,All,Not Specified,Not Specified,Not Specified,01-06-2026,31-10-2026,30-11-2026,"Aadhaar Card, Income Certificate, Category/Caste Certificate (if applicable), Domicile Certificate (state schemes), Previous Marksheet, Bonafide/Admission Certificate, Aadhaar-linked Bank Passbook",Not Specified (see official guidelines),Not Specified,,Not Specified,
NSP017,Stipend Scheme For Undergraduate And Postgraduate Studies In Indian Statistical Institute-Kolkata,Ministry of Statistics and Programme Implementation,Ministry of Statistics and Programme Implementation,Central Sector (Merit),2026-27,Not Specified,Not Specified,All India,Not Specified,All,Not Specified,Not Specified,Not Specified,01-06-2026,31-10-2026,30-11-2026,"Aadhaar Card, Income Certificate, Category/Caste Certificate (if applicable), Domicile Certificate (state schemes), Previous Marksheet, Bonafide/Admission Certificate, Aadhaar-linked Bank Passbook",Not Specified (see official guidelines),https://scholarships.gov.in/public/schemeGuidelines/STIPEND_STATICAL_GUIDLLINES.pdf,,Not Specified,
NSP018,ICAR National Talent Scholarship (NTS-UG),Department of Agriculture Research and Education,Department of Agriculture Research and Education,Central Sector (Merit),2026-27,Undergraduate,Agriculture,All India,Not Specified,All,Not Specified,Not Specified,Not Specified,01-06-2026,31-10-2026,30-11-2026,"Aadhaar Card, Income Certificate, Category/Caste Certificate (if applicable), Domicile Certificate (state schemes), Previous Marksheet, Bonafide/Admission Certificate, Aadhaar-linked Bank Passbook",education_level=Undergraduate,https://scholarships.gov.in/public/schemeGuidelines/GuidelinesforICAR_NTS_Scholarship_3103_3104.pdf,undergraduate,Not Specified,
NSP019,ICAR Post Graduate Scholarship (PGS),Department of Agriculture Research and Education,Department of Agriculture Research and Education,Central Sector (Merit),2026-27,Postgraduate,Agriculture,All India,Not Specified,All,Not Specified,Not Specified,Not Specified,01-06-2026,31-10-2026,30-11-2026,"Aadhaar Card, Income Certificate, Category/Caste Certificate (if applicable), Domicile Certificate (state schemes), Previous Marksheet, Bonafide/Admission Certificate, Aadhaar-linked Bank Passbook",education_level=Postgraduate,https://scholarships.gov.in/public/schemeGuidelines/RevisedGuidelinesforICAR_JRF_SRFandPG_Scholarship_3105_3106.pdf,postgraduate,Not Specified,
NSP020,ICAR National Talent Scholarship (NTS-PG),Department of Agriculture Research and Education,Department of Agriculture Research and Education,Central Sector (Merit),2026-27,Postgraduate,Agriculture,All India,Not Specified,All,Not Specified,Not Specified,Not Specified,01-06-2026,31-10-2026,30-11-2026,"Aadhaar Card, Income Certificate, Category/Caste Certificate (if applicable), Domicile Certificate (state schemes), Previous Marksheet, Bonafide/Admission Certificate, Aadhaar-linked Bank Passbook",education_level=Postgraduate,https://scholarships.gov.in/public/schemeGuidelines/GuidelinesforICAR_NTS_Scholarship_3103_3104.pdf,postgraduate,Not Specified,
NSP021,ICAR Junior Research Fellowships (JRF) And Senior Research Fellowships (SRF),Department of Agriculture Research and Education,Department of Agriculture Research and Education,Central Sector (Merit),2026-27,PhD,Agriculture,All India,Not Specified,All,Not Specified,Not Specified,Not Specified,01-06-2026,31-10-2026,30-11-2026,"Aadhaar Card, Income Certificate, Category/Caste Certificate (if applicable), Domicile Certificate (state schemes), Previous Marksheet, Bonafide/Admission Certificate, Aadhaar-linked Bank Passbook",education_level=PhD,https://scholarships.gov.in/public/schemeGuidelines/RevisedGuidelinesforICAR_JRF_SRFandPG_Scholarship_3105_3106.pdf,phd,Not Specified,
NSP022,Central Sector Scholarship Of Top Class Education For SC Students,Department of Social Justice & Empowerment,Department of Social Justice & Empowerment,Central Sector (Merit),2026-27,Not Specified,Not Specified,All India,SC,All,"₹8,00,000 per annum","Admission to listed top-class institution (IITs, NITs, IIMs, AIIMS, etc.)",Full tuition fee + maintenance allowance,01-06-2026,31-10-2026,30-11-2026,"Aadhaar Card, Income Certificate, Category/Caste Certificate (if applicable), Previous Marksheet, Bonafide/Admission Certificate, Aadhaar-linked Bank Passbook",category=SC AND income<=800000 AND institute in top_class_list,https://scholarships.gov.in/public/schemeGuidelines/Top_Class_Education_Scheme_2018.pdf,,SC,800000.0
NSP023,"Free Coaching For SCs, OBCs And Beneficiaries Of PM CARES Children Scheme",Department of Social Justice & Empowerment,Department of Social Justice & Empowerment,Central Sector (Welfare),2026-27,Not Specified,Not Specified,All India,"SC, OBC, PM CARES beneficiaries",All,Not Specified,Not Specified,Not Specified,03-08-2026,31-10-2026,30-11-2026,"Aadhaar Card, Income Certificate, Category/Caste Certificate (if applicable), Domicile Certificate (state schemes), Previous Marksheet, Bonafide/Admission Certificate, Aadhaar-linked Bank Passbook","category=SC, OBC, PM CARES beneficiaries",https://scholarships.gov.in/public/schemeGuidelines/guid_3108.pdf,,SC|OBC|PM CARES beneficiaries,
NSP024,Pre Matric Scholarship For Students With Disabilities,Department of Empowerment of Persons with Disabilities,Department of Empowerment of Persons with Disabilities,Central Sector (Welfare),2026-27,School,Not Specified,All India,PwD,All,"₹2,50,000 per annum",40%+ benchmark disability,Maintenance allowance + fee reimbursement (School stage),25-07-2026,30-09-2026,31-10-2026,"Aadhaar Card, Disability Certificate (40%+ benchmark), Income Certificate, Previous Marksheet, Bonafide Certificate, Aadhaar-linked Bank Passbook",category=PwD(>=40%) AND income<=250000 AND education_level=School,https://scholarships.gov.in/public/schemeGuidelines/DEPDGuidelines_1.pdf,school,PwD,250000.0
NSP025,Post Matric Scholarship For Students With Disabilities,Department of Empowerment of Persons with Disabilities,Department of Empowerment of Persons with Disabilities,Central Sector (Welfare),2026-27,Not Specified,Not Specified,All India,PwD,All,"₹2,50,000 per annum",40%+ benchmark disability; passing marks in previous class,"Maintenance allowance up to ₹1,600/month (hostellers) / ₹750/month (day scholars) + fee reimbursement",25-07-2026,31-10-2026,30-11-2026,"Aadhaar Card, Disability Certificate (40%+ benchmark), Income Certificate, Previous Marksheet, Bonafide Certificate, Aadhaar-linked Bank Passbook","category=PwD(>=40%) AND income<=250000 AND education_level in [Class11,Class12,UG,PG,Diploma,ITI,PhD]",https://scholarships.gov.in/public/schemeGuidelines/DEPDGuidelines_1.pdf,,PwD,250000.0
NSP026,Scholarship For Top Class Education For Students With Disabilities,Department of Empowerment of Persons with Disabilities,Department of Empowerment of Persons with Disabilities,Central Sector (Welfare),2026-27,Not Specified,Not Specified,All India,PwD,All,"₹8,00,000 per annum",40%+ benchmark disability; admission in listed top-class institution,Full tuition fee + maintenance allowance,01-06-2026,31-10-2026,30-11-2026,"Aadhaar Card, Disability Certificate (40%+ benchmark), Income Certificate, Previous Marksheet, Bonafide Certificate, Aadhaar-linked Bank Passbook",category=PwD(>=40%) AND income<=800000 AND institute in top_class_list,https://scholarships.gov.in/public/schemeGuidelines/DEPDGuidelines_1.pdf,,PwD,800000.0
NSP027,National Means Cum Merit Scholarship,Department of School Education & Literacy,Department of School Education & Literacy,Central Sector (Merit),2026-27,School (Class 9-12),Not Specified,All India,Not Specified,All,"₹3,50,000 per annum",55% marks in Class VII (relaxable 5% for SC/ST); 60%+ in Class X to continue,"₹12,000 per year (₹1,000/month)",01-06-2026,30-09-2026,31-10-2026,"Aadhaar Card, Income Certificate, Category/Caste Certificate (if applicable), Previous Marksheet, Bonafide/Admission Certificate, Aadhaar-linked Bank Passbook",education_level=School(9-12) AND income<=350000 AND marks>=55(SC/ST:50) AND studying in Govt/Govt-aided/local body school,https://scholarships.gov.in/public/schemeGuidelines/NMMSSGuidelines.pdf,school,Not Specified,350000.0
NSP028,PM-USP Central Sector Scheme Of Scholarship For College And University Students (CSSS),Department of Higher Education,Department of Higher Education,Central Sector (Merit),2026-27,"Undergraduate, Postgraduate",Not Specified,All India,Not Specified,All,"₹4,50,000 per annum",Above 80th percentile in Class 12 board exam (stream-wise),"₹12,000/year (UG, first 3 years); ₹20,000/year (PG/professional, years 4-5)",01-06-2026,30-09-2026,30-10-2026,"Aadhaar Card, Class 12 Marksheet (80th percentile), Income Certificate, Bonafide Certificate, Aadhaar-linked Bank Passbook, Caste Certificate (if applicable)",education_level=UG/PG AND income<=450000 AND class12_percentile>=80 AND regular_course=True AND not_availing_other_scholarship=True,https://scholarships.gov.in/public/schemeGuidelines/CSSS_GUIDLINES_07022024_updated.pdf,postgraduate|undergraduate,Not Specified,450000.0
NSP029,National Fellowship And Scholarship For Higher Education Of ST Students,Ministry of Tribal Affairs,Ministry of Tribal Affairs,Central Sector (Merit),2026-27,"PG, PhD",Not Specified,All India,ST,All,Not Specified,"Enrolled in PG/MPhil/PhD, NET/JRF qualified or equivalent",Fellowship stipend (UGC JRF/SRF rates) + contingency & HRA,01-06-2026,31-10-2026,30-11-2026,"Aadhaar Card, Previous Marksheet/Rank Card, Domicile Certificate, Category Certificate (if applicable), Bonafide Certificate, Aadhaar-linked Bank Passbook","category=ST AND education_level in [PG,MPhil,PhD]",https://scholarships.gov.in/public/schemeGuidelines/tribalfellowshipguideline.pdf,phd,ST,
NSP030,Financial Support To The Students Of NER For Higher Professional Courses (NEC Merit Scholarship),"North Eastern Council (NEC), DoNER","North Eastern Council (NEC), DoNER",Central Sector (Merit),2026-27,Not Specified,Not Specified,North Eastern Region,Permanent residents of North Eastern States,All,"₹8,00,000 per annum",60%+ aggregate in HSLC/HSSLC (Class 10/12),"₹22,000/year (UG); ₹25,000/year (PG)",15-07-2026,31-10-2026,30-11-2026,"Aadhaar Card, Income Certificate, Category/Caste Certificate (if applicable), Domicile Certificate (state schemes), Previous Marksheet, Bonafide/Admission Certificate, Aadhaar-linked Bank Passbook",domicile=North Eastern Region,https://scholarships.gov.in/public/schemeGuidelines/NEC_1234_G.pdf,,Permanent residents of North Eastern States,800000.0
NSP031,Prime Minister's Scholarship Scheme For Ministry Of Railways,Ministry of Railways (Railway Board),Ministry of Railways (Railway Board),Central Sector (Merit),2026-27,Not Specified,Not Specified,All India,Not Specified,All,Not Specified,Not Specified,Not Specified,01-06-2026,31-10-2026,30-11-2026,"Aadhaar Card, Income Certificate, Category/Caste Certificate (if applicable), Domicile Certificate (state schemes), Previous Marksheet, Bonafide/Admission Certificate, Aadhaar-linked Bank Passbook",Not Specified (see official guidelines),https://scholarships.gov.in/public/schemeGuidelines/MORB_GL.pdf,,Not Specified,
NSP032,Pre-Matric Scholarship Scheme for Minorities,Ministry of Minority Affairs,Ministry of Minority Affairs,Centrally Sponsored (Welfare),2026-27,School (Class 1-10),Not Specified,All India,"Muslim, Christian, Sikh, Jain, Buddhist, Parsi",All,"₹1,00,000 per annum",50% marks in previous exam,Admission/tuition fee (up to ₹500-₹350/month) + maintenance allowance ₹100-600/month (Class 1-10),01-06-2026,31-10-2026,30-11-2026,"Aadhaar Card, Income Certificate, Category/Caste Certificate (if applicable), Previous Marksheet, Bonafide/Admission Certificate, Aadhaar-linked Bank Passbook",category=Minority(Muslim/Christian/Sikh/Jain/Buddhist/Parsi) AND income<=100000 AND marks>=50 AND education_level=School(1-10),Not Specified,school,Muslim|Christian|Sikh|Jain|Buddhist|Parsi|Minority,100000.0
NSP033,Post-Matric Scholarship Scheme for Minorities,Ministry of Minority Affairs,Ministry of Minority Affairs,Centrally Sponsored (Welfare),2026-27,Post-Matric (Class 11 onward),Not Specified,All India,"Muslim, Christian, Sikh, Jain, Buddhist, Parsi",All,"₹2,00,000 per annum",50% marks in previous exam,"Admission/tuition fee up to ₹10,000/year + maintenance allowance up to ₹380-570/month",01-06-2026,31-10-2026,30-11-2026,"Aadhaar Card, Income Certificate, Category/Caste Certificate (if applicable), Previous Marksheet, Bonafide/Admission Certificate, Aadhaar-linked Bank Passbook","category=Minority AND income<=200000 AND marks>=50 AND education_level=PostMatric(XI-PhD, non-MCM courses)",Not Specified,post_matric,Muslim|Christian|Sikh|Jain|Buddhist|Parsi|Minority,200000.0
NSP034,Merit-cum-Means Scholarship for Professional and Technical Courses,Ministry of Minority Affairs,Ministry of Minority Affairs,Centrally Sponsored (Merit-cum-Means),2026-27,Professional/Technical courses,Not Specified,All India,"Muslim, Christian, Sikh, Jain, Buddhist, Parsi",All,"₹2,50,000 per annum",50% marks in qualifying exam; admission to listed professional/technical course,"Course/tuition fee up to ₹20,000/year + maintenance allowance",01-06-2026,31-10-2026,30-11-2026,"Aadhaar Card, Income Certificate, Category/Caste Certificate (if applicable), Previous Marksheet, Bonafide/Admission Certificate, Aadhaar-linked Bank Passbook",category=Minority AND income<=250000 AND marks>=50 AND course in professional_technical_list,Not Specified,post_matric,Muslim|Christian|Sikh|Jain|Buddhist|Parsi|Minority,250000.0
NSP035,Post Matric Scholarship Scheme for SC Students (UT only),Department of Social Justice & Empowerment,Department of Social Justice & Empowerment,Centrally Sponsored (Welfare),2026-27,Post-Matric,Not Specified,All India,SC,All,"₹2,50,000 per annum",Passing marks in previous class,Tuition fee + maintenance allowance (varies by course/UT),01-06-2026,31-10-2026,30-11-2026,"Aadhaar Card, Income Certificate, Category/Caste Certificate (if applicable), Previous Marksheet, Bonafide/Admission Certificate, Aadhaar-linked Bank Passbook",category=SC AND domicile=UT AND income<=250000 AND education_level=PostMatric,Not Specified,post_matric,SC,250000.0
NSP036,Pre-Matric Scholarship for SC Students studying in Class IX & X (UTs only),Department of Social Justice & Empowerment,Department of Social Justice & Empowerment,Centrally Sponsored (Welfare),2026-27,School (Class 9-10),Not Specified,All India,SC,All,"₹2,50,000 per annum","Enrolled in Class 9-10, passed previous class",Admission fee + maintenance allowance (Class 9-10),01-06-2026,31-10-2026,30-11-2026,"Aadhaar Card, Income Certificate, Category/Caste Certificate (if applicable), Previous Marksheet, Bonafide/Admission Certificate, Aadhaar-linked Bank Passbook",category=SC AND domicile=UT AND income<=250000 AND education_level=School(9-10),Not Specified,school,SC,250000.0
NSP037,Upgradation of Merit of SC Students,Department of Social Justice & Empowerment,Department of Social Justice & Empowerment,Centrally Sponsored (Merit),2026-27,Not Specified,Not Specified,All India,SC,All,No income limit specified (merit-based),Studying in Class 11-12 in listed reputed schools,Coaching/quality-education support to improve merit for higher education,01-06-2026,31-10-2026,30-11-2026,"Aadhaar Card, Previous Marksheet/Rank Card, Domicile Certificate, Category Certificate (if applicable), Bonafide Certificate, Aadhaar-linked Bank Passbook",category=SC AND education_level=Class(11-12) AND enrolled_in_designated_school=True,Not Specified,,SC,
NSP038,Pre-Matric Scholarship for OBC Students,Department of Social Justice & Empowerment (Backward Classes),Department of Social Justice & Empowerment (Backward Classes),Centrally Sponsored (Welfare),2026-27,School,Not Specified,All India,OBC,All,"₹1,00,000 per annum","Enrolled in School (Class 1-10), passed previous class",Admission fee + maintenance allowance (Class 1-10),01-06-2026,31-10-2026,30-11-2026,"Aadhaar Card, Income Certificate, Category/Caste Certificate (if applicable), Previous Marksheet, Bonafide/Admission Certificate, Aadhaar-linked Bank Passbook",category=OBC AND income<=100000 AND education_level=School,Not Specified,school,OBC,100000.0
NSP039,Post-Matric Scholarship for OBC Students,Department of Social Justice & Empowerment (Backward Classes),Department of Social Justice & Empowerment (Backward Classes),Centrally Sponsored (Welfare),2026-27,Post-Matric,Not Specified,All India,OBC,All,"₹1,50,000 per annum",Passed previous qualifying exam,Tuition fee + maintenance allowance,01-06-2026,31-10-2026,30-11-2026,"Aadhaar Card, Income Certificate, Category/Caste Certificate (if applicable), Previous Marksheet, Bonafide/Admission Certificate, Aadhaar-linked Bank Passbook",category=OBC AND income<=150000 AND education_level=PostMatric,Not Specified,post_matric,OBC,150000.0
NSP040,National Fellowship for OBC Students,Department of Social Justice & Empowerment (Backward Classes),Department of Social Justice & Empowerment (Backward Classes),Centrally Sponsored (Merit),2026-27,PhD,Not Specified,All India,OBC,All,No income limit specified (NET/JRF qualified based),"Enrolled in PhD program at recognized university, qualified UGC-NET/JRF or equivalent",Fellowship stipend (junior/senior research fellowship rates),01-06-2026,31-10-2026,30-11-2026,"Aadhaar Card, Previous Marksheet/Rank Card, Domicile Certificate, Category Certificate (if applicable), Bonafide Certificate, Aadhaar-linked Bank Passbook",category=OBC AND education_level=PhD AND net_jrf_qualified=True,Not Specified,phd,OBC,
NSP041,Government of India Post-Matric Scholarship (Maharashtra),"Social Justice and Special Assistance Department, Govt of Maharashtra","Social Justice and Special Assistance Department, Govt of Maharashtra",State Scheme,2026-27,Post-Matric,Not Specified,Maharashtra,SC,All,Not Specified,Not Specified,Not Specified,01-06-2026,31-10-2026,30-11-2026,"Aadhaar Card, Income Certificate, Category/Caste Certificate (if applicable), Domicile Certificate (state schemes), Previous Marksheet, Bonafide/Admission Certificate, Aadhaar-linked Bank Passbook",education_level=Post-Matric AND category=SC AND domicile=Maharashtra,Not Specified,post_matric,SC,
NSP042,Post-Matric Tuition Fee and Examination Fee (Freeship) - Maharashtra,"Social Justice and Special Assistance Department, Govt of Maharashtra","Social Justice and Special Assistance Department, Govt of Maharashtra",State Scheme,2026-27,Not Specified,Not Specified,Maharashtra,SC,All,Not Specified,Not Specified,Not Specified,01-06-2026,31-10-2026,30-11-2026,"Aadhaar Card, Income Certificate, Category/Caste Certificate (if applicable), Domicile Certificate (state schemes), Previous Marksheet, Bonafide/Admission Certificate, Aadhaar-linked Bank Passbook",category=SC AND domicile=Maharashtra,Not Specified,,SC,
NSP043,Maintenance Allowance for Students in Professional Courses - Maharashtra,"Social Justice and Special Assistance Department, Govt of Maharashtra","Social Justice and Special Assistance Department, Govt of Maharashtra",State Scheme,2026-27,Professional courses,Not Specified,Maharashtra,SC,All,Not Specified,Not Specified,Not Specified,01-06-2026,31-10-2026,30-11-2026,"Aadhaar Card, Income Certificate, Category/Caste Certificate (if applicable), Domicile Certificate (state schemes), Previous Marksheet, Bonafide/Admission Certificate, Aadhaar-linked Bank Passbook",education_level=Professional courses AND category=SC AND domicile=Maharashtra,Not Specified,post_matric,SC,
NSP044,Rajarshri Chhatrapati Shahu Maharaj Merit Scholarship - Maharashtra,"Social Justice and Special Assistance Department, Govt of Maharashtra","Social Justice and Special Assistance Department, Govt of Maharashtra",State Scheme,2026-27,Not Specified,Not Specified,Maharashtra,SC,All,Not Specified,Not Specified,Not Specified,01-06-2026,31-10-2026,30-11-2026,"Aadhaar Card, Income Certificate, Category/Caste Certificate (if applicable), Domicile Certificate (state schemes), Previous Marksheet, Bonafide/Admission Certificate, Aadhaar-linked Bank Passbook",category=SC AND domicile=Maharashtra,Not Specified,,SC,
NSP045,Post-Matric Scholarship for Persons with Disability - Maharashtra,"Social Justice and Special Assistance Department, Govt of Maharashtra","Social Justice and Special Assistance Department, Govt of Maharashtra",State Scheme,2026-27,Not Specified,Not Specified,Maharashtra,PwD,All,Not Specified,Not Specified,Not Specified,01-06-2026,31-10-2026,30-11-2026,"Aadhaar Card, Income Certificate, Category/Caste Certificate (if applicable), Domicile Certificate (state schemes), Previous Marksheet, Bonafide/Admission Certificate, Aadhaar-linked Bank Passbook",category=PwD AND domicile=Maharashtra,Not Specified,,PwD,
NSP046,Post Matric Scholarship Scheme (Tribal Development) - Maharashtra,"Tribal Development Department, Govt of Maharashtra","Tribal Development Department, Govt of Maharashtra",State Scheme,2026-27,Post-Matric,Not Specified,Maharashtra,ST,All,Not Specified,Not Specified,Not Specified,01-06-2026,31-10-2026,30-11-2026,"Aadhaar Card, Income Certificate, Category/Caste Certificate (if applicable), Domicile Certificate (state schemes), Previous Marksheet, Bonafide/Admission Certificate, Aadhaar-linked Bank Passbook",education_level=Post-Matric AND category=ST AND domicile=Maharashtra,Not Specified,post_matric,ST,
NSP047,Tuition Fee & Exam Fee for Tribal Students (Freeship) - Maharashtra,"Tribal Development Department, Govt of Maharashtra","Tribal Development Department, Govt of Maharashtra",State Scheme,2026-27,Not Specified,Not Specified,Maharashtra,ST,All,Not Specified,Not Specified,Not Specified,01-06-2026,31-10-2026,30-11-2026,"Aadhaar Card, Income Certificate, Category/Caste Certificate (if applicable), Domicile Certificate (state schemes), Previous Marksheet, Bonafide/Admission Certificate, Aadhaar-linked Bank Passbook",category=ST AND domicile=Maharashtra,Not Specified,,ST,
NSP048,Rajarshi Chhatrapati Shahu Maharaj Shikshan Shulk Shishyavrutti - Maharashtra,"Directorate of Higher Education, Govt of Maharashtra","Directorate of Higher Education, Govt of Maharashtra",State Scheme,2026-27,Not Specified,Not Specified,Maharashtra,Not Specified,All,Not Specified,Not Specified,Not Specified,01-06-2026,31-10-2026,30-11-2026,"Aadhaar Card, Income Certificate, Category/Caste Certificate (if applicable), Domicile Certificate (state schemes), Previous Marksheet, Bonafide/Admission Certificate, Aadhaar-linked Bank Passbook",domicile=Maharashtra,Not Specified,,Not Specified,
NSP049,Assistance to Meritorious Students Scholarship - Junior Level (Maharashtra),"Directorate of Higher Education, Govt of Maharashtra","Directorate of Higher Education, Govt of Maharashtra",State Scheme,2026-27,Junior College,Not Specified,Maharashtra,Not Specified,All,Not Specified,Not Specified,Not Specified,01-06-2026,31-10-2026,30-11-2026,"Aadhaar Card, Income Certificate, Category/Caste Certificate (if applicable), Domicile Certificate (state schemes), Previous Marksheet, Bonafide/Admission Certificate, Aadhaar-linked Bank Passbook",education_level=Junior College AND domicile=Maharashtra,Not Specified,school,Not Specified,
NSP050,Education Concession to Children of Ex-Servicemen - Maharashtra,"Directorate of Higher Education, Govt of Maharashtra","Directorate of Higher Education, Govt of Maharashtra",State Scheme,2026-27,Not Specified,Not Specified,Maharashtra,Children of Ex-Servicemen,All,Not Specified,Not Specified,Not Specified,01-06-2026,31-10-2026,30-11-2026,"Aadhaar Card, Income Certificate, Category/Caste Certificate (if applicable), Domicile Certificate (state schemes), Previous Marksheet, Bonafide/Admission Certificate, Aadhaar-linked Bank Passbook",category=Children of Ex-Servicemen AND domicile=Maharashtra,Not Specified,,Children of Ex-Servicemen,
NSP051,Eklavya Scholarship - Maharashtra,"Directorate of Higher Education, Govt of Maharashtra","Directorate of Higher Education, Govt of Maharashtra",State Scheme,2026-27,Not Specified,Not Specified,Maharashtra,Not Specified,All,Not Specified,Not Specified,Not Specified,01-06-2026,31-10-2026,30-11-2026,"Aadhaar Card, Income Certificate, Category/Caste Certificate (if applicable), Domicile Certificate (state schemes), Previous Marksheet, Bonafide/Admission Certificate, Aadhaar-linked Bank Passbook",domicile=Maharashtra,Not Specified,,Not Specified,
NSP052,State Government Open Merit Scholarship - Maharashtra,"Directorate of Higher Education, Govt of Maharashtra","Directorate of Higher Education, Govt of Maharashtra",State Scheme,2026-27,Not Specified,Not Specified,Maharashtra,Not Specified,All,Not Specified,Not Specified,Not Specified,01-06-2026,31-10-2026,30-11-2026,"Aadhaar Card, Income Certificate, Category/Caste Certificate (if applicable), Domicile Certificate (state schemes), Previous Marksheet, Bonafide/Admission Certificate, Aadhaar-linked Bank Passbook",domicile=Maharashtra,Not Specified,,Not Specified,
NSP053,Scholarship to Meritorious Students in Mathematics/Physics - Maharashtra,"Directorate of Higher Education, Govt of Maharashtra","Directorate of Higher Education, Govt of Maharashtra",State Scheme,2026-27,Not Specified,"Mathematics, Physics",Maharashtra,Not Specified,All,Not Specified,Not Specified,Not Specified,01-06-2026,31-10-2026,30-11-2026,"Aadhaar Card, Income Certificate, Category/Caste Certificate (if applicable), Domicile Certificate (state schemes), Previous Marksheet, Bonafide/Admission Certificate, Aadhaar-linked Bank Passbook",domicile=Maharashtra,Not Specified,,Not Specified,
NSP054,Government Vidyaniketan Scholarship - Maharashtra,"Directorate of Higher Education, Govt of Maharashtra","Directorate of Higher Education, Govt of Maharashtra",State Scheme,2026-27,Not Specified,Not Specified,Maharashtra,Not Specified,All,Not Specified,Not Specified,Not Specified,01-06-2026,31-10-2026,30-11-2026,"Aadhaar Card, Income Certificate, Category/Caste Certificate (if applicable), Domicile Certificate (state schemes), Previous Marksheet, Bonafide/Admission Certificate, Aadhaar-linked Bank Passbook",domicile=Maharashtra,Not Specified,,Not Specified,
NSP055,Open Merit Scholarship in Junior College - Maharashtra,"School Education and Sports Department, Govt of Maharashtra","School Education and Sports Department, Govt of Maharashtra",State Scheme,2026-27,Junior College,Not Specified,Maharashtra,Not Specified,All,Not Specified,Not Specified,Not Specified,01-06-2026,31-10-2026,30-11-2026,"Aadhaar Card, Income Certificate, Category/Caste Certificate (if applicable), Domicile Certificate (state schemes), Previous Marksheet, Bonafide/Admission Certificate, Aadhaar-linked Bank Passbook",education_level=Junior College AND domicile=Maharashtra,Not Specified,school,Not Specified,
NSP056,Merit Scholarship for Economically Backward Class Students - Maharashtra,"School Education and Sports Department, Govt of Maharashtra","School Education and Sports Department, Govt of Maharashtra",State Scheme,2026-27,Not Specified,Not Specified,Maharashtra,EBC,All,Not Specified,Not Specified,Not Specified,01-06-2026,31-10-2026,30-11-2026,"Aadhaar Card, Income Certificate, Category/Caste Certificate (if applicable), Domicile Certificate (state schemes), Previous Marksheet, Bonafide/Admission Certificate, Aadhaar-linked Bank Passbook",category=EBC AND domicile=Maharashtra,Not Specified,,EBC,
NSP057,Post-Matric Scholarship to VJNT Students - Maharashtra,"VJNT, OBC and SBC Welfare Department, Govt of Maharashtra","VJNT, OBC and SBC Welfare Department, Govt of Maharashtra",State Scheme,2026-27,Post-Matric,Not Specified,Maharashtra,VJNT,All,Not Specified,Not Specified,Not Specified,01-06-2026,31-10-2026,30-11-2026,"Aadhaar Card, Income Certificate, Category/Caste Certificate (if applicable), Domicile Certificate (state schemes), Previous Marksheet, Bonafide/Admission Certificate, Aadhaar-linked Bank Passbook",education_level=Post-Matric AND category=VJNT AND domicile=Maharashtra,Not Specified,post_matric,VJNT,
NSP058,Post-Matric Scholarship for OBC Students - Maharashtra,"VJNT, OBC and SBC Welfare Department, Govt of Maharashtra","VJNT, OBC and SBC Welfare Department, Govt of Maharashtra",State Scheme,2026-27,Post-Matric,Not Specified,Maharashtra,OBC,All,"₹1,50,000 per annum",50% marks in previous qualifying exam,Tuition fee reimbursement (50-100%) + maintenance allowance up to ₹425/month,01-06-2026,31-10-2026,30-11-2026,"Aadhaar Card, Income Certificate, Category/Caste Certificate (if applicable), Domicile Certificate (state schemes), Previous Marksheet, Bonafide/Admission Certificate, Aadhaar-linked Bank Passbook","education_level=Post-Matric AND category=OBC AND income<=₹1,50,000 per annum AND academic: 50% marks in previous qualifying exam AND domicile=Maharashtra",https://mahadbt2.maharashtra.gov.in,post_matric,OBC,150000.0
NSP059,Tuition Fees and Examination Fees to VJNT Students - Maharashtra,"VJNT, OBC and SBC Welfare Department, Govt of Maharashtra","VJNT, OBC and SBC Welfare Department, Govt of Maharashtra",State Scheme,2026-27,Not Specified,Not Specified,Maharashtra,VJNT,All,Not Specified,Not Specified,Not Specified,01-06-2026,31-10-2026,30-11-2026,"Aadhaar Card, Income Certificate, Category/Caste Certificate (if applicable), Domicile Certificate (state schemes), Previous Marksheet, Bonafide/Admission Certificate, Aadhaar-linked Bank Passbook",category=VJNT AND domicile=Maharashtra,Not Specified,,VJNT,
NSP060,Merit-Cum-Means Financial Assistance Scheme (Delhi),"E-District Portal, Govt of NCT of Delhi","E-District Portal, Govt of NCT of Delhi",State Scheme,2026-27,Not Specified,Not Specified,Delhi,"GEN, SC, ST, OBC, Minority, PwD",All,Not Specified,"60% marks in previous year, no backlog",Tuition fee reimbursement: 100% (income<2.5L)/50% (2.5-6L)/25% tiers,Not Specified,Not Specified,Not Specified,"Aadhaar Card, Income Certificate, Category/Caste Certificate (if applicable), Domicile Certificate (state schemes), Previous Marksheet, Bonafide/Admission Certificate, Aadhaar-linked Bank Passbook","category=GEN, SC, ST, OBC, Minority, PwD AND academic: 60% marks in previous year, no backlog AND domicile=Delhi",Not Specified,,GEN|SC|ST|OBC|Minority|PwD,
NSP061,Merit Scholarship for SC/ST/OBC Students (Higher Education) - Delhi,"Department for the Welfare of SC/ST/OBC, Govt of NCT of Delhi","Department for the Welfare of SC/ST/OBC, Govt of NCT of Delhi",State Scheme,2026-27,Not Specified,Not Specified,Delhi,"SC, ST, OBC",All,Not Specified,Not Specified,"₹5,000-₹18,600",Not Specified,31-10-2026,Not Specified,"Aadhaar Card, Income Certificate, Category/Caste Certificate (if applicable), Domicile Certificate (state schemes), Previous Marksheet, Bonafide/Admission Certificate, Aadhaar-linked Bank Passbook","category=SC, ST, OBC AND domicile=Delhi",Not Specified,,SC|ST|OBC,
NSP062,Jai Bhim Mukhyamantri Pratibha Vikas Yojna - Delhi,"Department for the Welfare of SC/ST/OBC, Govt of NCT of Delhi","Department for the Welfare of SC/ST/OBC, Govt of NCT of Delhi",State Scheme,2026-27,Not Specified,Not Specified,Delhi,"SC, ST, OBC",All,Not Specified,Not Specified,"₹50,000-₹1,00,000",Not Specified,31-10-2026,Not Specified,"Aadhaar Card, Income Certificate, Category/Caste Certificate (if applicable), Domicile Certificate (state schemes), Previous Marksheet, Bonafide/Admission Certificate, Aadhaar-linked Bank Passbook","category=SC, ST, OBC AND domicile=Delhi",Not Specified,,SC|ST|OBC,
NSP063,Mukhyamantri Vidyarthi Pratibha Yojna - Delhi,"Department for the Welfare of SC/ST/OBC, Govt of NCT of Delhi","Department for the Welfare of SC/ST/OBC, Govt of NCT of Delhi",State Scheme,2026-27,Not Specified,Not Specified,Delhi,"SC, ST, OBC, Minority",All,Not Specified,Not Specified,"₹5,000-₹10,000",Not Specified,31-10-2026,Not Specified,"Aadhaar Card, Income Certificate, Category/Caste Certificate (if applicable), Domicile Certificate (state schemes), Previous Marksheet, Bonafide/Admission Certificate, Aadhaar-linked Bank Passbook","category=SC, ST, OBC, Minority AND domicile=Delhi",Not Specified,,SC|ST|OBC|Minority,
NSP064,Scholarship/Merit Scholarship for OBC/Minority/SC/ST Students (Class I-XII) - Delhi,"Department for Welfare of SC/ST/OBC/Minorities, Govt of NCT of Delhi","Department for Welfare of SC/ST/OBC/Minorities, Govt of NCT of Delhi",State Scheme,2026-27,School (Class 1-12),Not Specified,Delhi,"SC, ST, OBC, Minority",All,"₹2,00,000 per annum",Not Specified,"₹1,000-₹4,500 per annum",Not Specified,Not Specified,Not Specified,"Aadhaar Card, Income Certificate, Category/Caste Certificate (if applicable), Domicile Certificate (state schemes), Previous Marksheet, Bonafide/Admission Certificate, Aadhaar-linked Bank Passbook","education_level=School (Class 1-12) AND category=SC, ST, OBC, Minority AND income<=₹2,00,000 per annum AND domicile=Delhi",Not Specified,school,SC|ST|OBC|Minority,200000.0
NSP065,Post-Matric Scholarship for SC & OBC Students (Class XI to PhD) - Delhi,"Department for the Welfare of SC/ST/OBC, Govt of NCT of Delhi","Department for the Welfare of SC/ST/OBC, Govt of NCT of Delhi",State Scheme,2026-27,Post-Matric to PhD,Not Specified,Delhi,"SC, OBC",All,"₹2,00,000 per annum (OBC only; not applicable for SC)",Not Specified,Not Specified,Not Specified,Not Specified,Not Specified,"Aadhaar Card, Income Certificate, Category/Caste Certificate (if applicable), Domicile Certificate (state schemes), Previous Marksheet, Bonafide/Admission Certificate, Aadhaar-linked Bank Passbook","education_level=Post-Matric to PhD AND category=SC, OBC AND income<=₹2,00,000 per annum (OBC only; not applicable for SC) AND domicile=Delhi",Not Specified,phd|post_matric|postgraduate|undergraduate,SC|OBC,200000.0
NSP066,Mukhyamantri Medhavi Vidyarthi Yojana (MMVY) - Madhya Pradesh,"Technical Education, Skill Development & Employment Dept, Govt of MP","Technical Education, Skill Development & Employment Dept, Govt of MP",State Scheme,2026-27,Undergraduate,Not Specified,Madhya Pradesh,"General, OBC, SC, ST, EWS",All,"₹6,00,000-₹8,00,000 per annum (varies by scheme version)",75%+ in MP Board / 85%+ in CBSE/ICSE Class 12,"Full institution fee waiver / up to ₹2,45,000 per year",Not Specified,Not Specified,Not Specified,"Aadhaar Card, Income Certificate, Category/Caste Certificate (if applicable), Domicile Certificate (state schemes), Previous Marksheet, Bonafide/Admission Certificate, Aadhaar-linked Bank Passbook","education_level=Undergraduate AND category=General, OBC, SC, ST, EWS AND income<=₹6,00,000-₹8,00,000 per annum (varies by scheme version) AND academic: 75%+ in MP Board / 85%+ in CBSE/ICSE Class 12 AND domicile=Madhya Pradesh",https://medhavikalyan.mp.gov.in/MMVY.aspx,undergraduate,General|OBC|SC|ST|EWS,800000.0
NSP067,MPTAAS Post-Matric Scholarship for SC Students - Madhya Pradesh,"Tribal Affairs Automation System (MPTAAS), Govt of MP","Tribal Affairs Automation System (MPTAAS), Govt of MP",State Scheme,2026-27,Post-Matric,Not Specified,Madhya Pradesh,SC,All,Not Specified,Not Specified,Not Specified,Not Specified,Not Specified,Not Specified,"Aadhaar Card, Income Certificate, Category/Caste Certificate (if applicable), Domicile Certificate (state schemes), Previous Marksheet, Bonafide/Admission Certificate, Aadhaar-linked Bank Passbook",education_level=Post-Matric AND category=SC AND domicile=Madhya Pradesh,https://tribal.mp.gov.in/mptaas,post_matric,SC,
NSP068,MPTAAS Post-Matric Scholarship for ST Students - Madhya Pradesh,"Tribal Affairs Automation System (MPTAAS), Govt of MP","Tribal Affairs Automation System (MPTAAS), Govt of MP",State Scheme,2026-27,Post-Matric,Not Specified,Madhya Pradesh,ST,All,Not Specified,Not Specified,Not Specified,Not Specified,Not Specified,Not Specified,"Aadhaar Card, Income Certificate, Category/Caste Certificate (if applicable), Domicile Certificate (state schemes), Previous Marksheet, Bonafide/Admission Certificate, Aadhaar-linked Bank Passbook",education_level=Post-Matric AND category=ST AND domicile=Madhya Pradesh,https://tribal.mp.gov.in/mptaas,post_matric,ST,
NSP069,MPTAAS Post-Matric Scholarship for OBC Students - Madhya Pradesh,"Tribal Affairs Automation System (MPTAAS), Govt of MP","Tribal Affairs Automation System (MPTAAS), Govt of MP",State Scheme,2026-27,Post-Matric,Not Specified,Madhya Pradesh,OBC,All,"₹75,000 (100% scholarship) / ₹1,00,000 (50% scholarship)",Not Specified,"Up to ₹40,000/year",Not Specified,Not Specified,Not Specified,"Aadhaar Card, Income Certificate, Category/Caste Certificate (if applicable), Domicile Certificate (state schemes), Previous Marksheet, Bonafide/Admission Certificate, Aadhaar-linked Bank Passbook","education_level=Post-Matric AND category=OBC AND income<=₹75,000 (100% scholarship) / ₹1,00,000 (50% scholarship) AND domicile=Madhya Pradesh",https://tribal.mp.gov.in/mptaas,post_matric,OBC,100000.0
NSP070,Gaon Ki Beti Yojana - Madhya Pradesh,"Higher Education Department, Govt of MP","Higher Education Department, Govt of MP",State Scheme,2026-27,Undergraduate,Rural areas,Madhya Pradesh,Not Specified,Female,Not Specified,Not Specified,"₹5,000",Not Specified,Not Specified,Not Specified,"Aadhaar Card, Income Certificate, Category/Caste Certificate (if applicable), Domicile Certificate (state schemes), Previous Marksheet, Bonafide/Admission Certificate, Aadhaar-linked Bank Passbook",education_level=Undergraduate AND domicile=Madhya Pradesh,Not Specified,undergraduate,Not Specified,
NSP071,Pratibha Kiran Yojana - Madhya Pradesh,"Higher Education Department, Govt of MP","Higher Education Department, Govt of MP",State Scheme,2026-27,Not Specified,Not Specified,Madhya Pradesh,Not Specified,All,Not Specified,Not Specified,"₹5,000",Not Specified,Not Specified,Not Specified,"Aadhaar Card, Income Certificate, Category/Caste Certificate (if applicable), Domicile Certificate (state schemes), Previous Marksheet, Bonafide/Admission Certificate, Aadhaar-linked Bank Passbook",domicile=Madhya Pradesh,Not Specified,,Not Specified,
NSP072,Vikramaditya Free Education Scheme - Madhya Pradesh,"Higher Education Department, Govt of MP","Higher Education Department, Govt of MP",State Scheme,2026-27,Not Specified,Not Specified,Madhya Pradesh,Not Specified,All,Not Specified,Not Specified,"₹2,500",Not Specified,Not Specified,Not Specified,"Aadhaar Card, Income Certificate, Category/Caste Certificate (if applicable), Domicile Certificate (state schemes), Previous Marksheet, Bonafide/Admission Certificate, Aadhaar-linked Bank Passbook",domicile=Madhya Pradesh,Not Specified,,Not Specified,
NSP073,Mukhyamantri Jan Kalyan (Shiksha Protsahan) Yojana - Madhya Pradesh,"Higher Education Department, Govt of MP","Higher Education Department, Govt of MP",State Scheme,2026-27,Not Specified,Not Specified,Madhya Pradesh,Children of unorganized workers (Labour Dept),All,Not Specified,"JEE Mains rank <=1,50,000 (Engg) / CLAT (Law) / NEET (Medical)","₹5,000-₹1,00,000",Not Specified,Not Specified,Not Specified,"Aadhaar Card, Income Certificate, Category/Caste Certificate (if applicable), Domicile Certificate (state schemes), Previous Marksheet, Bonafide/Admission Certificate, Aadhaar-linked Bank Passbook","category=Children of unorganized workers (Labour Dept) AND academic: JEE Mains rank <=1,50,000 (Engg) / CLAT (Law) / NEET (Medical) AND domicile=Madhya Pradesh",Not Specified,,Children of unorganized workers (Labour Dept),
NSP074,Digital Gujarat Post-Matric Scholarship for SC Students,"Social Justice and Empowerment Department, Govt of Gujarat","Social Justice and Empowerment Department, Govt of Gujarat",State Scheme,2026-27,Post-Matric,Not Specified,Gujarat,SC,All,"₹2,50,000 per annum",Must have passed previous annual examination (no fixed minimum % for basic Post-Matric),Full tuition fee + maintenance,Not Specified,Not Specified,Not Specified,"Aadhaar Card, Income Certificate, Category/Caste Certificate (if applicable), Domicile Certificate (state schemes), Previous Marksheet, Bonafide/Admission Certificate, Aadhaar-linked Bank Passbook","education_level=Post-Matric AND category=SC AND income<=₹2,50,000 per annum AND domicile=Gujarat",https://digitalgujarat.gov.in,post_matric,SC,250000.0
NSP075,Digital Gujarat Post-Matric Scholarship for ST Students,"Tribal Development Department, Govt of Gujarat","Tribal Development Department, Govt of Gujarat",State Scheme,2026-27,Post-Matric,Not Specified,Gujarat,ST,All,"₹2,50,000 per annum",Must have passed previous annual examination (no fixed minimum % for basic Post-Matric),"₹3,000-₹60,000",Not Specified,Not Specified,Not Specified,"Aadhaar Card, Income Certificate, Category/Caste Certificate (if applicable), Domicile Certificate (state schemes), Previous Marksheet, Bonafide/Admission Certificate, Aadhaar-linked Bank Passbook","education_level=Post-Matric AND category=ST AND income<=₹2,50,000 per annum AND domicile=Gujarat",https://digitalgujarat.gov.in,post_matric,ST,250000.0
NSP076,Digital Gujarat Post-Matric Scholarship for SEBC/OBC Students,"Developing Castes Welfare Department, Govt of Gujarat","Developing Castes Welfare Department, Govt of Gujarat",State Scheme,2026-27,Post-Matric,Not Specified,Gujarat,"SEBC, OBC",All,"₹2,50,000 per annum",Must have passed previous annual examination (no fixed minimum % for basic Post-Matric),"₹2,000-₹25,000",Not Specified,Not Specified,Not Specified,"Aadhaar Card, Income Certificate, Category/Caste Certificate (if applicable), Domicile Certificate (state schemes), Previous Marksheet, Bonafide/Admission Certificate, Aadhaar-linked Bank Passbook","education_level=Post-Matric AND category=SEBC, OBC AND income<=₹2,50,000 per annum AND domicile=Gujarat",https://digitalgujarat.gov.in,post_matric,SEBC|OBC,250000.0
NSP077,Gujarat State Pre-Matric Scholarship for SC/ST/OBC Students,"Social Justice and Empowerment Dept / Tribal Development Dept, Govt of Gujarat","Social Justice and Empowerment Dept / Tribal Development Dept, Govt of Gujarat",State Scheme,2026-27,School (Class 1-10),Not Specified,Gujarat,"SC, ST, OBC",All,"₹2,50,000 per annum","Enrolled in Class 1-10, passed previous class","₹500-₹7,000",Not Specified,Not Specified,Not Specified,"Aadhaar Card, Income Certificate, Category/Caste Certificate (if applicable), Domicile Certificate (state schemes), Previous Marksheet, Bonafide/Admission Certificate, Aadhaar-linked Bank Passbook","education_level=School (Class 1-10) AND category=SC, ST, OBC AND domicile=Gujarat",Not Specified,school,SC|ST|OBC,250000.0
NSP078,Dr. Ambedkar Post-Matric Scholarship for SC Students - Gujarat,"Social Justice and Empowerment Department, Govt of Gujarat","Social Justice and Empowerment Department, Govt of Gujarat",State Scheme,2026-27,Not Specified,Not Specified,Gujarat,SC,All,"₹2,50,000 per annum",Passed previous qualifying exam,"₹15,000-₹60,000",Not Specified,Not Specified,Not Specified,"Aadhaar Card, Income Certificate, Category/Caste Certificate (if applicable), Domicile Certificate (state schemes), Previous Marksheet, Bonafide/Admission Certificate, Aadhaar-linked Bank Passbook",category=SC AND domicile=Gujarat,Not Specified,,SC,250000.0
NSP079,Mukhyamantri Yuva Swavalamban Yojana (MYSY) - Gujarat,"Education Department, Govt of Gujarat","Education Department, Govt of Gujarat",State Scheme,2026-27,Undergraduate,Not Specified,Gujarat,"General, OBC, SC, ST, EWS",All,"₹6,00,000 per annum",80 percentile+ in Class 12 Board / Diploma,"₹10,000-₹2,00,000",Not Specified,Not Specified,Not Specified,"Aadhaar Card, Income Certificate, Category/Caste Certificate (if applicable), Domicile Certificate (state schemes), Previous Marksheet, Bonafide/Admission Certificate, Aadhaar-linked Bank Passbook","education_level=Undergraduate AND income<=₹6,00,000 per annum AND academic: 80 percentile+ in Class 12 Board / Diploma AND domicile=Gujarat",Not Specified,undergraduate,General|OBC|SC|ST|EWS,600000.0
NSP080,Mukhyamantri Kanya Kelavani Nidhi (MKKN) - Gujarat,"Education Department, Govt of Gujarat","Education Department, Govt of Gujarat",State Scheme,2026-27,Not Specified,MBBS,Gujarat,Female (Girls in MBBS),Female,"₹6,00,000 per annum (approx, varies)",Admission to MBBS course,"₹1,00,000-₹4,00,000",Not Specified,Not Specified,Not Specified,"Aadhaar Card, Income Certificate, Category/Caste Certificate (if applicable), Domicile Certificate (state schemes), Previous Marksheet, Bonafide/Admission Certificate, Aadhaar-linked Bank Passbook",domicile=Gujarat,Not Specified,,Female (Girls in MBBS),600000.0
NSP081,Scholarship to the Disabled Students (Divyang) - Gujarat,"Social Justice and Empowerment Department, Govt of Gujarat","Social Justice and Empowerment Department, Govt of Gujarat",State Scheme,2026-27,Not Specified,Not Specified,Gujarat,PwD,All,"₹2,50,000 per annum",40%+ disability certified,"₹1,500-₹4,500",Not Specified,Not Specified,Not Specified,"Aadhaar Card, Income Certificate, Category/Caste Certificate (if applicable), Domicile Certificate (state schemes), Previous Marksheet, Bonafide/Admission Certificate, Aadhaar-linked Bank Passbook",category=PwD AND domicile=Gujarat,Not Specified,,PwD,250000.0
NSP082,Swami Vivekanand Stipend Scheme for ITI & Technical Courses - Gujarat,"Directorate of Employment and Training, Govt of Gujarat","Directorate of Employment and Training, Govt of Gujarat",State Scheme,2026-27,"ITI, Technical",Not Specified,Gujarat,"SC, ST, OBC, General (ITI/Technical students)",All,"₹2,50,000 per annum",Not Specified,"₹4,800 per year",Not Specified,Not Specified,Not Specified,"Aadhaar Card, Income Certificate, Category/Caste Certificate (if applicable), Domicile Certificate (state schemes), Previous Marksheet, Bonafide/Admission Certificate, Aadhaar-linked Bank Passbook","education_level=ITI, Technical AND domicile=Gujarat",Not Specified,undergraduate,SC|ST|OBC|General (ITI/Technical students),250000.0
NSP083,Jagananna Vidya Deevena - Andhra Pradesh,"Higher Education Department, Govt of Andhra Pradesh","Higher Education Department, Govt of Andhra Pradesh",State Scheme,2026-27,"Undergraduate, Postgraduate, Diploma",Not Specified,Andhra Pradesh,"SC, ST, OBC, Minority, Kapu, EBC, PwD, General",All,"₹2,50,000 per annum",33-40% marks in previous exam (varies by course),"Full tuition fee reimbursement, up to ₹1,50,000",Not Specified,Not Specified,Not Specified,"Aadhaar Card, Income Certificate, Category/Caste Certificate (if applicable), Domicile Certificate (state schemes), Previous Marksheet, Bonafide/Admission Certificate, Aadhaar-linked Bank Passbook","education_level=Undergraduate, Postgraduate, Diploma AND category=SC, ST, OBC, Minority, Kapu, EBC, PwD, General AND income<=₹2,50,000 per annum AND academic: 33-40% marks in previous exam (varies by course) AND domicile=Andhra Pradesh",https://jnanabhumi.ap.gov.in,undergraduate,SC|ST|OBC|Minority|Kapu|EBC|PwD|General,250000.0
NSP084,Jagananna Vasathi Deevena - Andhra Pradesh,"Higher Education Department, Govt of Andhra Pradesh","Higher Education Department, Govt of Andhra Pradesh",State Scheme,2026-27,"Undergraduate, Postgraduate",Not Specified,Andhra Pradesh,Not Specified,All,Not Specified,Not Specified,"₹10,000-₹20,000 (hostel/maintenance allowance)",Not Specified,Not Specified,Not Specified,"Aadhaar Card, Income Certificate, Category/Caste Certificate (if applicable), Domicile Certificate (state schemes), Previous Marksheet, Bonafide/Admission Certificate, Aadhaar-linked Bank Passbook","education_level=Undergraduate, Postgraduate AND domicile=Andhra Pradesh",Not Specified,postgraduate|undergraduate,Not Specified,
NSP085,Andhra Pradesh Post-Matric SC Scholarship,"Social Welfare Department, Govt of Andhra Pradesh","Social Welfare Department, Govt of Andhra Pradesh",State Scheme,2026-27,Post-Matric,Not Specified,Andhra Pradesh,SC,All,Not Specified,Not Specified,"₹4,000-₹80,000",Not Specified,Not Specified,Not Specified,"Aadhaar Card, Income Certificate, Category/Caste Certificate (if applicable), Domicile Certificate (state schemes), Previous Marksheet, Bonafide/Admission Certificate, Aadhaar-linked Bank Passbook",education_level=Post-Matric AND category=SC AND domicile=Andhra Pradesh,Not Specified,post_matric,SC,
NSP086,Andhra Pradesh Post-Matric BC Scholarship,"BC Welfare Department, Govt of Andhra Pradesh","BC Welfare Department, Govt of Andhra Pradesh",State Scheme,2026-27,Post-Matric,Not Specified,Andhra Pradesh,OBC (BC),All,Not Specified,Not Specified,"₹2,000-₹16,000",Not Specified,Not Specified,Not Specified,"Aadhaar Card, Income Certificate, Category/Caste Certificate (if applicable), Domicile Certificate (state schemes), Previous Marksheet, Bonafide/Admission Certificate, Aadhaar-linked Bank Passbook",education_level=Post-Matric AND category=OBC (BC) AND domicile=Andhra Pradesh,Not Specified,post_matric,OBC (BC),
NSP087,Jnanabhumi Post-Matric & Pre-Matric Scholarship - Andhra Pradesh,Govt of Andhra Pradesh,Govt of Andhra Pradesh,State Scheme,2026-27,Not Specified,Not Specified,Andhra Pradesh,Not Specified,All,Not Specified,Not Specified,"₹5,000-₹1,00,000",Not Specified,Not Specified,Not Specified,"Aadhaar Card, Income Certificate, Category/Caste Certificate (if applicable), Domicile Certificate (state schemes), Previous Marksheet, Bonafide/Admission Certificate, Aadhaar-linked Bank Passbook",domicile=Andhra Pradesh,Not Specified,,Not Specified,
NSP088,Andhra Pradesh NTR Vidyonnathi Scheme,"Education Department, Govt of Andhra Pradesh","Education Department, Govt of Andhra Pradesh",State Scheme,2026-27,Not Specified,Not Specified,Andhra Pradesh,Not Specified,All,Not Specified,Not Specified,"₹20,000-₹30,000",Not Specified,15-09-2026,Not Specified,"Aadhaar Card, Income Certificate, Category/Caste Certificate (if applicable), Domicile Certificate (state schemes), Previous Marksheet, Bonafide/Admission Certificate, Aadhaar-linked Bank Passbook",domicile=Andhra Pradesh,Not Specified,,Not Specified,
NSP089,Talliki Vandanam Scheme - Andhra Pradesh,"Department of School Education, Govt of Andhra Pradesh","Department of School Education, Govt of Andhra Pradesh",State Scheme,2026-27,School,Not Specified,Andhra Pradesh,Not Specified,All,Not Specified,Not Specified,"₹15,000",Not Specified,Not Specified,Not Specified,"Aadhaar Card, Income Certificate, Category/Caste Certificate (if applicable), Domicile Certificate (state schemes), Previous Marksheet, Bonafide/Admission Certificate, Aadhaar-linked Bank Passbook",education_level=School AND domicile=Andhra Pradesh,Not Specified,school,Not Specified,
NSP090,UP Pre-Matric Scholarship (General/SC/ST),"Social Welfare Department, Govt of Uttar Pradesh","Social Welfare Department, Govt of Uttar Pradesh",State Scheme,2026-27,School (Class 9-10),Not Specified,Uttar Pradesh,"General, SC, ST",All,"₹2,50,000 per annum",Passed previous qualifying class/exam; enrolled in recognized UP institution,"₹1,000-₹3,500",Not Specified,Not Specified,Not Specified,"Aadhaar Card, Income Certificate, Category/Caste Certificate (if applicable), Domicile Certificate (state schemes), Previous Marksheet, Bonafide/Admission Certificate, Aadhaar-linked Bank Passbook","education_level=School (Class 9-10) AND category=General, SC, ST AND income<=₹2,50,000 per annum AND domicile=Uttar Pradesh",https://scholarship.up.gov.in,school,General|SC|ST,250000.0
NSP091,UP Pre-Matric Scholarship (Minority),"Minority Welfare Department, Govt of Uttar Pradesh","Minority Welfare Department, Govt of Uttar Pradesh",State Scheme,2026-27,School (Class 9-10),Not Specified,Uttar Pradesh,Minority,All,"₹2,50,000 per annum (₹1,00,000 for Pre-Matric General/SC/ST per some scheme variants)",Passed previous qualifying class/exam; enrolled in recognized UP institution,"₹1,000-₹3,500",Not Specified,Not Specified,Not Specified,"Aadhaar Card, Income Certificate, Category/Caste Certificate (if applicable), Domicile Certificate (state schemes), Previous Marksheet, Bonafide/Admission Certificate, Aadhaar-linked Bank Passbook",education_level=School (Class 9-10) AND category=Minority AND domicile=Uttar Pradesh,https://scholarship.up.gov.in,school,Minority,250000.0
NSP092,UP Pre-Matric Scholarship (OBC),"Backward Class Welfare Department, Govt of Uttar Pradesh","Backward Class Welfare Department, Govt of Uttar Pradesh",State Scheme,2026-27,School (Class 9-10),Not Specified,Uttar Pradesh,OBC,All,"₹2,50,000 per annum (₹1,00,000 for Pre-Matric General/SC/ST per some scheme variants)",Passed previous qualifying class/exam; enrolled in recognized UP institution,"₹750-₹1,500 per annum",Not Specified,Not Specified,Not Specified,"Aadhaar Card, Income Certificate, Category/Caste Certificate (if applicable), Domicile Certificate (state schemes), Previous Marksheet, Bonafide/Admission Certificate, Aadhaar-linked Bank Passbook",education_level=School (Class 9-10) AND category=OBC AND domicile=Uttar Pradesh,https://scholarship.up.gov.in,school,OBC,250000.0
NSP093,UP Post-Matric Intermediate Scholarship (General/SC/ST),"Social Welfare Department, Govt of Uttar Pradesh","Social Welfare Department, Govt of Uttar Pradesh",State Scheme,2026-27,Intermediate (Class 11-12),Not Specified,Uttar Pradesh,"General, SC, ST",All,"₹2,50,000 per annum (₹1,00,000 for Pre-Matric General/SC/ST per some scheme variants)",Passed previous qualifying class/exam; enrolled in recognized UP institution,"₹6,000-₹15,000",Not Specified,Not Specified,Not Specified,"Aadhaar Card, Income Certificate, Category/Caste Certificate (if applicable), Domicile Certificate (state schemes), Previous Marksheet, Bonafide/Admission Certificate, Aadhaar-linked Bank Passbook","education_level=Intermediate (Class 11-12) AND category=General, SC, ST AND domicile=Uttar Pradesh",https://scholarship.up.gov.in,school,General|SC|ST,250000.0
NSP094,UP Post-Matric Intermediate Scholarship (Minority),"Minority Welfare Department, Govt of Uttar Pradesh","Minority Welfare Department, Govt of Uttar Pradesh",State Scheme,2026-27,Intermediate (Class 11-12),Not Specified,Uttar Pradesh,Minority,All,"₹2,50,000 per annum (₹1,00,000 for Pre-Matric General/SC/ST per some scheme variants)",Passed previous qualifying class/exam; enrolled in recognized UP institution,"₹6,000-₹15,000",Not Specified,Not Specified,Not Specified,"Aadhaar Card, Income Certificate, Category/Caste Certificate (if applicable), Domicile Certificate (state schemes), Previous Marksheet, Bonafide/Admission Certificate, Aadhaar-linked Bank Passbook",education_level=Intermediate (Class 11-12) AND category=Minority AND domicile=Uttar Pradesh,https://scholarship.up.gov.in,school,Minority,250000.0
NSP095,UP Post-Matric Intermediate Scholarship (OBC),"Backward Class Welfare Department, Govt of Uttar Pradesh","Backward Class Welfare Department, Govt of Uttar Pradesh",State Scheme,2026-27,Intermediate (Class 11-12),Not Specified,Uttar Pradesh,OBC,All,"₹2,50,000 per annum (₹1,00,000 for Pre-Matric General/SC/ST per some scheme variants)",Passed previous qualifying class/exam; enrolled in recognized UP institution,"₹6,000-₹15,000 per year",Not Specified,Not Specified,Not Specified,"Aadhaar Card, Income Certificate, Category/Caste Certificate (if applicable), Domicile Certificate (state schemes), Previous Marksheet, Bonafide/Admission Certificate, Aadhaar-linked Bank Passbook",education_level=Intermediate (Class 11-12) AND category=OBC AND domicile=Uttar Pradesh,https://scholarship.up.gov.in,school,OBC,250000.0
NSP096,UP Post-Matric Scholarship - Dashmottar (Other Than Intermediate),"Social Welfare Department, Govt of Uttar Pradesh","Social Welfare Department, Govt of Uttar Pradesh",State Scheme,2026-27,"Undergraduate, Postgraduate, Diploma",Not Specified,Uttar Pradesh,"General, SC, ST",All,"₹2,50,000 per annum",Passed previous qualifying class/exam; enrolled in recognized UP institution,"₹15,000-₹50,000",Not Specified,Not Specified,Not Specified,"Aadhaar Card, Income Certificate, Category/Caste Certificate (if applicable), Domicile Certificate (state schemes), Previous Marksheet, Bonafide/Admission Certificate, Aadhaar-linked Bank Passbook","education_level=Undergraduate, Postgraduate, Diploma AND category=General, SC, ST AND income<=₹2,50,000 per annum AND domicile=Uttar Pradesh",https://scholarship.up.gov.in,undergraduate,General|SC|ST,250000.0
NSP097,UP Post-Matric Scholarship (Outside State) - General/SC/ST,"Social Welfare Department, Govt of Uttar Pradesh","Social Welfare Department, Govt of Uttar Pradesh",State Scheme,2026-27,Post-Matric,Not Specified,Uttar Pradesh,"General, SC, ST",All,"₹2,50,000 per annum (₹1,00,000 for Pre-Matric General/SC/ST per some scheme variants)",Passed previous qualifying class/exam; enrolled in recognized UP institution,"₹15,000-₹50,000",Not Specified,Not Specified,Not Specified,"Aadhaar Card, Income Certificate, Category/Caste Certificate (if applicable), Domicile Certificate (state schemes), Previous Marksheet, Bonafide/Admission Certificate, Aadhaar-linked Bank Passbook","education_level=Post-Matric AND category=General, SC, ST AND domicile=Uttar Pradesh",https://scholarship.up.gov.in,post_matric,General|SC|ST,250000.0
NSP098,UP Post-Matric (Other Than Intermediate) Scholarship for Minorities,"Minority Welfare Department, Govt of Uttar Pradesh","Minority Welfare Department, Govt of Uttar Pradesh",State Scheme,2026-27,"Undergraduate, Postgraduate, Diploma",Not Specified,Uttar Pradesh,Minority,All,"₹2,50,000 per annum (₹1,00,000 for Pre-Matric General/SC/ST per some scheme variants)",Passed previous qualifying class/exam; enrolled in recognized UP institution,"₹10,000-₹50,000",Not Specified,Not Specified,Not Specified,"Aadhaar Card, Income Certificate, Category/Caste Certificate (if applicable), Domicile Certificate (state schemes), Previous Marksheet, Bonafide/Admission Certificate, Aadhaar-linked Bank Passbook","education_level=Undergraduate, Postgraduate, Diploma AND category=Minority AND domicile=Uttar Pradesh",https://scholarship.up.gov.in,undergraduate,Minority,250000.0
NSP099,UP Divyangjan Post-Matric Scholarship & Fee Reimbursement,"Divyangjan Sashaktikaran Vibhag, Govt of Uttar Pradesh","Divyangjan Sashaktikaran Vibhag, Govt of Uttar Pradesh",State Scheme,2026-27,Post-Matric,Not Specified,Uttar Pradesh,PwD,All,"₹2,50,000 per annum (₹1,00,000 for Pre-Matric General/SC/ST per some scheme variants)",Passed previous qualifying class/exam; enrolled in recognized UP institution,"₹15,000-₹50,000",Not Specified,Not Specified,Not Specified,"Aadhaar Card, Income Certificate, Category/Caste Certificate (if applicable), Domicile Certificate (state schemes), Previous Marksheet, Bonafide/Admission Certificate, Aadhaar-linked Bank Passbook",education_level=Post-Matric AND category=PwD AND domicile=Uttar Pradesh,https://scholarship.up.gov.in,post_matric,PwD,250000.0
