scholarship_id,scholarship_name,ministry,department,scheme_type,academic_year,education_level,course,state,category,gender,income_limit,academic_requirement,benefit,opening_date,closing_date,verification_deadline,documents,eligibility_rules,official_url,education_level_std,category_std,income_limit_inr,official_website,application_link
NSP001,Prime Minister's Scholarship Scheme For Wards Of States/UTs Police Personnel Martyred During Terror/Naxal Attacks,Ministry of Home Affairs,Ministry of Home Affairs,Central Sector (Merit),2026-27,Not Specified,Not Specified,All India,Wards/widows of State Police personnel martyred in Terror/Naxal attacks,All,No income limit,60%+ in qualifying exam,"₹3,000/month (girls), ₹2,500/month (boys)",2026-06-01,2026-10-31,2026-11-30,"Aadhaar Card, Income Certificate, Category/Caste Certificate (if applicable), Domicile Certificate (state schemes), Previous Marksheet, Bonafide/Admission Certificate, Aadhaar-linked Bank Passbook",Not Specified (see official guidelines),https://scholarships.gov.in/public/schemeGuidelines/warb/PMSS_Guidelines_1197_3001-2023-24.pdf,,Wards/widows of State Police personnel martyred in Terror/Naxal attacks,,https://scholarships.gov.in/public/schemeGuidelines/warb/PMSS_Guidelines_1197_3001-2023-24.pdf,https://scholarships.gov.in
NSP002,Prime Minister's Scholarship Scheme For Central Armed Police Forces And Assam Rifles,Ministry of Home Affairs,Ministry of Home Affairs,Central Sector (Merit),2026-27,Not Specified,Not Specified,All India,Wards/widows of CAPF & Assam Rifles personnel (killed/disabled/retired/serving),All,No income limit,60%+ in qualifying entry exam,"₹3,000/month = ₹36,000/yr (girls); ₹2,500/month = ₹30,000/yr (boys)",2026-06-01,2026-10-31,2026-11-30,"Aadhaar Card, Income Certificate, Category/Caste Certificate (if applicable), Domicile Certificate (state schemes), Previous Marksheet, Bonafide/Admission Certificate, Aadhaar-linked Bank Passbook",Not Specified (see official guidelines),https://scholarships.gov.in/public/schemeGuidelines/warb/PMSS_Guidelines_1197_3001-2023-24.pdf,,Wards/widows of CAPF & Assam Rifles personnel (killed/disabled/retired/serving),,https://scholarships.gov.in/public/schemeGuidelines/warb/PMSS_Guidelines_1197_3001-2023-24.pdf,https://scholarships.gov.in
NSP003,AICTE - Swanath Scholarship Scheme (Technical Degree),All India Council For Technical Education,All India Council For Technical Education,Central Sector (Welfare),2026-27,Undergraduate,Not Specified,All India,Orphan / both parents deceased,All,Not Specified,Admitted to 1st year of AICTE-approved Degree/Diploma,"Tuition fee up to ₹50,000/year + ₹2,000/month incidentals",2026-06-01,2026-10-31,2026-11-30,"Aadhaar Card, Parents' Death Certificate(s), Previous Marksheet, Bonafide Certificate, Aadhaar-linked Bank Passbook",category=Orphan AND admitted_1st_year_AICTE_institute=True,https://scholarships.gov.in/public/schemeGuidelines/AICTE/AICTE_3039_G.pdf,undergraduate,Orphan / both parents deceased,,https://scholarships.gov.in/public/schemeGuidelines/AICTE/AICTE_3039_G.pdf,https://scholarships.gov.in
NSP004,PM USP Special Scholarship Scheme For Jammu Kashmir And Ladakh,All India Council For Technical Education,All India Council For Technical Education,Central Sector (Merit),2026-27,Not Specified,Not Specified,"Jammu and Kashmir, Ladakh",Not Specified,All,Not Specified,Not Specified,Not Specified,2026-06-01,2026-09-30,2026-10-30,"Aadhaar Card, Income Certificate, Category/Caste Certificate (if applicable), Domicile Certificate (state schemes), Previous Marksheet, Bonafide/Admission Certificate, Aadhaar-linked Bank Passbook","domicile=Jammu and Kashmir, Ladakh",https://scholarships.gov.in/public/schemeGuidelines/AICTE/PM_USPY(SSSJKL)SchemeSpecifications.pdf,,Not Specified,,https://scholarships.gov.in/public/schemeGuidelines/AICTE/PM_USPY(SSSJKL)SchemeSpecifications.pdf,https://scholarships.gov.in
NSP005,AICTE - Pragati Scholarship Scheme For Girl Students (Technical Degree),All India Council For Technical Education,All India Council For Technical Education,Central Sector (Merit),2026-27,Undergraduate,Not Specified,All India,Not Specified,Female,"₹8,00,000 per annum",Admitted to 1st year of AICTE-approved Degree/Diploma via centralized admission,"Tuition fee up to ₹30,000-₹50,000/year + ₹2,000/month incidentals (up to 4 yrs degree/3 yrs diploma)",2026-06-01,2026-10-31,2026-11-30,"Aadhaar Card, Income Certificate, Category/Caste Certificate (if applicable), Previous Marksheet, Bonafide/Admission Certificate, Aadhaar-linked Bank Passbook",gender=Female AND income<=800000 AND admitted_1st_year_AICTE_institute=True AND max_2_per_family=True,https://scholarships.gov.in/public/schemeGuidelines/AICTE/AICTE_2010_G.pdf,undergraduate,Not Specified,800000.0,https://scholarships.gov.in/public/schemeGuidelines/AICTE/AICTE_2010_G.pdf,https://scholarships.gov.in
NSP006,AICTE - Pragati Scholarship Scheme For Girl Students (Technical Diploma),All India Council For Technical Education,All India Council For Technical Education,Central Sector (Merit),2026-27,Diploma,Not Specified,All India,Not Specified,Female,"₹8,00,000 per annum",Admitted to 1st year of AICTE-approved Degree/Diploma via centralized admission,"Tuition fee up to ₹30,000-₹50,000/year + ₹2,000/month incidentals (up to 4 yrs degree/3 yrs diploma)",2026-06-01,2026-10-31,2026-11-30,"Aadhaar Card, Income Certificate, Category/Caste Certificate (if applicable), Previous Marksheet, Bonafide/Admission Certificate, Aadhaar-linked Bank Passbook",gender=Female AND income<=800000 AND admitted_1st_year_AICTE_institute=True AND max_2_per_family=True,https://scholarships.gov.in/public/schemeGuidelines/AICTE/AICTE_2011_G.pdf,undergraduate,Not Specified,800000.0,https://scholarships.gov.in/public/schemeGuidelines/AICTE/AICTE_2011_G.pdf,https://scholarships.gov.in
NSP007,AICTE - Saksham Scholarship Scheme For Specially Abled Students (Technical Diploma),All India Council For Technical Education,All India Council For Technical Education,Central Sector (Welfare),2026-27,Diploma,Not Specified,All India,PwD (40%+ disability),All,Not Specified,Admitted to 1st year of AICTE-approved Degree/Diploma; benchmark disability 40%+,"Tuition fee up to ₹30,000-₹50,000/year + ₹2,000/month incidentals",2026-06-01,2026-10-31,2026-11-30,"Aadhaar Card, Disability Certificate (40%+ benchmark), Income Certificate, Previous Marksheet, Bonafide Certificate, Aadhaar-linked Bank Passbook",category=PwD(>=40%) AND admitted_1st_year_AICTE_institute=True,https://scholarships.gov.in/public/schemeGuidelines/AICTE/AICTE_2013_G.pdf,undergraduate,PwD (40%+ disability),,https://scholarships.gov.in/public/schemeGuidelines/AICTE/AICTE_2013_G.pdf,https://scholarships.gov.in
NSP008,AICTE - Saksham Scholarship Scheme For Specially Abled Students (Technical Degree),All India Council For Technical Education,All India Council For Technical Education,Central Sector (Welfare),2026-27,Undergraduate,Not Specified,All India,PwD (40%+ disability),All,Not Specified,Admitted to 1st year of AICTE-approved Degree/Diploma; benchmark disability 40%+,"Tuition fee up to ₹30,000-₹50,000/year + ₹2,000/month incidentals",2026-06-01,2026-10-31,2026-11-30,"Aadhaar Card, Disability Certificate (40%+ benchmark), Income Certificate, Previous Marksheet, Bonafide Certificate, Aadhaar-linked Bank Passbook",category=PwD(>=40%) AND admitted_1st_year_AICTE_institute=True,https://scholarships.gov.in/public/schemeGuidelines/AICTE/AICTE_2012_G.pdf,undergraduate,PwD (40%+ disability),,https://scholarships.gov.in/public/schemeGuidelines/AICTE/AICTE_2012_G.pdf,https://scholarships.gov.in
NSP009,AICTE - Swanath Scholarship Scheme (Technical Diploma),All India Council For Technical Education,All India Council For Technical Education,Central Sector (Welfare),2026-27,Diploma,Not Specified,All India,Orphan / both parents deceased,All,Not Specified,Admitted to 1st year of AICTE-approved Degree/Diploma,"Tuition fee up to ₹50,000/year + ₹2,000/month incidentals",2026-06-01,2026-10-31,2026-11-30,"Aadhaar Card, Parents' Death Certificate(s), Previous Marksheet, Bonafide Certificate, Aadhaar-linked Bank Passbook",category=Orphan AND admitted_1st_year_AICTE_institute=True,https://scholarships.gov.in/public/schemeGuidelines/AICTE/AICTE_3038_G.pdf,undergraduate,Orphan / both parents deceased,,https://scholarships.gov.in/public/schemeGuidelines/AICTE/AICTE_3038_G.pdf,https://scholarships.gov.in
NSP010,National Scholarship For Post Graduate Studies,UGC,UGC,Central Sector (Merit),2026-27,Postgraduate,Not Specified,All India,Not Specified,All,Not Specified,Merit in qualifying UG exam / rank-based,"₹3,100-₹12,400/month depending on discipline",2026-09-16,2026-10-31,2026-11-30,"Aadhaar Card, Previous Marksheet/Rank Card, Domicile Certificate, Category Certificate (if applicable), Bonafide Certificate, Aadhaar-linked Bank Passbook",education_level=PG AND merit_rank_qualified=True,https://scholarships.gov.in/public/schemeGuidelines/Guidelines_NATIONAL_SCHOLARSHIP_FOR_POSTGRADUATE_STUDIES_UGC_2324.pdf,postgraduate,Not Specified,,https://scholarships.gov.in/public/schemeGuidelines/Guidelines_NATIONAL_SCHOLARSHIP_FOR_POSTGRADUATE_STUDIES_UGC_2324.pdf,https://scholarships.gov.in
NSP011,Ishan Uday Special Scholarship Scheme For NER,UGC,UGC,Central Sector (Merit),2026-27,Not Specified,Not Specified,North Eastern Region,Not Specified,All,"₹4,50,000 per annum",Domicile of North Eastern Region; enrolled in UG/PG course,"Up to ₹5,000/month",2026-09-16,2026-10-31,2026-11-30,"Aadhaar Card, Income Certificate, Category/Caste Certificate (if applicable), Previous Marksheet, Bonafide/Admission Certificate, Aadhaar-linked Bank Passbook","state=NorthEasternRegion AND income<=450000 AND education_level in [UG,PG]",https://scholarships.gov.in/public/schemeGuidelines/Guidelines_ISHAN%20UDAY_2324.pdf,,Not Specified,450000.0,https://scholarships.gov.in/public/schemeGuidelines/Guidelines_ISHAN%20UDAY_2324.pdf,https://scholarships.gov.in
NSP012,Financial Assistance For Education To The Wards Of Beedi/Cine/IOMC/LSDM Workers - Pre Matric,Ministry of Labour & Employment,Ministry of Labour & Employment,Central Sector (Welfare),2026-27,School,Not Specified,All India,Children of Beedi/Cine/IOMC/LSDM workers,All,Not Specified,Enrolled in recognized school,Monthly stipend (Pre-Matric stage),2026-06-01,2026-09-30,2026-10-31,"Aadhaar Card, Income Certificate, Category/Caste Certificate (if applicable), Domicile Certificate (state schemes), Previous Marksheet, Bonafide/Admission Certificate, Aadhaar-linked Bank Passbook",education_level=School,https://scholarships.gov.in/public/schemeGuidelines/Labour_Ministry_Guidelines_of_scholarhsips%20schemes.pdf,school,Children of Beedi/Cine/IOMC/LSDM workers,,https://scholarships.gov.in/public/schemeGuidelines/Labour_Ministry_Guidelines_of_scholarhsips%20schemes.pdf,https://scholarships.gov.in
NSP013,Financial Assistance For Education To The Wards Of Beedi/Cine/IOMC/LSDM Workers - Post Matric,Ministry of Labour & Employment,Ministry of Labour & Employment,Central Sector (Welfare),2026-27,Not Specified,Not Specified,All India,Children of Beedi/Cine/IOMC/LSDM workers,All,Not Specified,Not Specified,Monthly stipend (Post-Matric stage),2026-06-01,2026-10-31,2026-11-30,"Aadhaar Card, Income Certificate, Category/Caste Certificate (if applicable), Domicile Certificate (state schemes), Previous Marksheet, Bonafide/Admission Certificate, Aadhaar-linked Bank Passbook",Not Specified (see official guidelines),https://scholarships.gov.in/public/schemeGuidelines/Labour_Ministry_Guidelines_of_scholarhsips%20schemes.pdf,,Children of Beedi/Cine/IOMC/LSDM workers,,https://scholarships.gov.in/public/schemeGuidelines/Labour_Ministry_Guidelines_of_scholarhsips%20schemes.pdf,https://scholarships.gov.in
NSP014,"PM YASASVI Central Sector Scheme Of Top Class Education In Schools For OBC, EBC And DNT Students",Department of Social Justice & Empowerment (Backward Classes),Department of Social Justice & Empowerment (Backward Classes),Central Sector (Merit),2026-27,Not Specified,Not Specified,All India,"OBC, EBC, DNT",All,"₹2,50,000 per annum",Merit-based selection; enrolled in empanelled top-class school (Class 9-10),"Up to ₹75,000/year (Class 9-10)",2026-06-01,2026-09-30,2026-10-31,"Aadhaar Card, Income Certificate, Category/Caste Certificate (if applicable), Previous Marksheet, Bonafide/Admission Certificate, Aadhaar-linked Bank Passbook","category in [OBC,EBC,DNT] AND income<=250000 AND education_level=School(9-10) AND institute in empanelled_list",https://scholarships.gov.in/public/schemeGuidelines/3061_G.pdf,,OBC|EBC|DNT,250000.0,https://scholarships.gov.in/public/schemeGuidelines/3061_G.pdf,https://scholarships.gov.in
NSP015,"PM YASASVI Central Sector Scheme Of Top Class Education In College For OBC, EBC And DNT Students",Department of Social Justice & Empowerment (Backward Classes),Department of Social Justice & Empowerment (Backward Classes),Central Sector (Merit),2026-27,Not Specified,Not Specified,All India,"OBC, EBC, DNT",All,"₹2,50,000 per annum",Merit-based selection; enrolled in empanelled top-class institution (Class 11-12/UG/PG),"Up to ₹1,25,000/year",2026-06-01,2026-10-31,2026-11-30,"Aadhaar Card, Income Certificate, Category/Caste Certificate (if applicable), Previous Marksheet, Bonafide/Admission Certificate, Aadhaar-linked Bank Passbook","category in [OBC,EBC,DNT] AND income<=250000 AND education_level in [Class11,Class12,UG,PG] AND institute in empanelled_list",https://scholarships.gov.in/public/schemeGuidelines/ApprovedmodifieddraftofTopClassCollege.pdf,,OBC|EBC|DNT,250000.0,https://scholarships.gov.in/public/schemeGuidelines/ApprovedmodifieddraftofTopClassCollege.pdf,https://scholarships.gov.in
NSP016,National Renewable Energy Fellowship Scheme,Ministry of New And Renewable Energy,Ministry of New And Renewable Energy,Central Sector (Merit),2026-27,Not Specified,Not Specified,All India,Not Specified,All,Not Specified,Not Specified,Not Specified,2026-06-01,2026-10-31,2026-11-30,"Aadhaar Card, Income Certificate, Category/Caste Certificate (if applicable), Domicile Certificate (state schemes), Previous Marksheet, Bonafide/Admission Certificate, Aadhaar-linked Bank Passbook",Not Specified (see official guidelines),Not Specified,,Not Specified,,,
NSP017,Stipend Scheme For Undergraduate And Postgraduate Studies In Indian Statistical Institute-Kolkata,Ministry of Statistics and Programme Implementation,Ministry of Statistics and Programme Implementation,Central Sector (Merit),2026-27,Not Specified,Not Specified,All India,Not Specified,All,Not Specified,Not Specified,Not Specified,2026-06-01,2026-10-31,2026-11-30,"Aadhaar Card, Income Certificate, Category/Caste Certificate (if applicable), Domicile Certificate (state schemes), Previous Marksheet, Bonafide/Admission Certificate, Aadhaar-linked Bank Passbook",Not Specified (see official guidelines),https://scholarships.gov.in/public/schemeGuidelines/STIPEND_STATICAL_GUIDLLINES.pdf,,Not Specified,,https://scholarships.gov.in/public/schemeGuidelines/STIPEND_STATICAL_GUIDLLINES.pdf,https://scholarships.gov.in
NSP018,ICAR National Talent Scholarship (NTS-UG),Department of Agriculture Research and Education,Department of Agriculture Research and Education,Central Sector (Merit),2026-27,Undergraduate,Agriculture,All India,Not Specified,All,Not Specified,Not Specified,Not Specified,2026-06-01,2026-10-31,2026-11-30,"Aadhaar Card, Income Certificate, Category/Caste Certificate (if applicable), Domicile Certificate (state schemes), Previous Marksheet, Bonafide/Admission Certificate, Aadhaar-linked Bank Passbook",education_level=Undergraduate,https://scholarships.gov.in/public/schemeGuidelines/GuidelinesforICAR_NTS_Scholarship_3103_3104.pdf,undergraduate,Not Specified,,https://scholarships.gov.in/public/schemeGuidelines/GuidelinesforICAR_NTS_Scholarship_3103_3104.pdf,https://scholarships.gov.in
NSP019,ICAR Post Graduate Scholarship (PGS),Department of Agriculture Research and Education,Department of Agriculture Research and Education,Central Sector (Merit),2026-27,Postgraduate,Agriculture,All India,Not Specified,All,Not Specified,Not Specified,Not Specified,2026-06-01,2026-10-31,2026-11-30,"Aadhaar Card, Income Certificate, Category/Caste Certificate (if applicable), Domicile Certificate (state schemes), Previous Marksheet, Bonafide/Admission Certificate, Aadhaar-linked Bank Passbook",education_level=Postgraduate,https://scholarships.gov.in/public/schemeGuidelines/RevisedGuidelinesforICAR_JRF_SRFandPG_Scholarship_3105_3106.pdf,postgraduate,Not Specified,,https://scholarships.gov.in/public/schemeGuidelines/RevisedGuidelinesforICAR_JRF_SRFandPG_Scholarship_3105_3106.pdf,https://scholarships.gov.in
NSP020,ICAR National Talent Scholarship (NTS-PG),Department of Agriculture Research and Education,Department of Agriculture Research and Education,Central Sector (Merit),2026-27,Postgraduate,Agriculture,All India,Not Specified,All,Not Specified,Not Specified,Not Specified,2026-06-01,2026-10-31,2026-11-30,"Aadhaar Card, Income Certificate, Category/Caste Certificate (if applicable), Domicile Certificate (state schemes), Previous Marksheet, Bonafide/Admission Certificate, Aadhaar-linked Bank Passbook",education_level=Postgraduate,https://scholarships.gov.in/public/schemeGuidelines/GuidelinesforICAR_NTS_Scholarship_3103_3104.pdf,postgraduate,Not Specified,,https://scholarships.gov.in/public/schemeGuidelines/GuidelinesforICAR_NTS_Scholarship_3103_3104.pdf,https://scholarships.gov.in
NSP021,ICAR Junior Research Fellowships (JRF) And Senior Research Fellowships (SRF),Department of Agriculture Research and Education,Department of Agriculture Research and Education,Central Sector (Merit),2026-27,PhD,Agriculture,All India,Not Specified,All,Not Specified,Not Specified,Not Specified,2026-06-01,2026-10-31,2026-11-30,"Aadhaar Card, Income Certificate, Category/Caste Certificate (if applicable), Domicile Certificate (state schemes), Previous Marksheet, Bonafide/Admission Certificate, Aadhaar-linked Bank Passbook",education_level=PhD,https://scholarships.gov.in/public/schemeGuidelines/RevisedGuidelinesforICAR_JRF_SRFandPG_Scholarship_3105_3106.pdf,phd,Not Specified,,https://scholarships.gov.in/public/schemeGuidelines/RevisedGuidelinesforICAR_JRF_SRFandPG_Scholarship_3105_3106.pdf,https://scholarships.gov.in
NSP022,Central Sector Scholarship Of Top Class Education For SC Students,Department of Social Justice & Empowerment,Department of Social Justice & Empowerment,Central Sector (Merit),2026-27,Not Specified,Not Specified,All India,SC,All,"₹8,00,000 per annum","Admission to listed top-class institution (IITs, NITs, IIMs, AIIMS, etc.)",Full tuition fee + maintenance allowance,2026-06-01,2026-10-31,2026-11-30,"Aadhaar Card, Income Certificate, Category/Caste Certificate (if applicable), Previous Marksheet, Bonafide/Admission Certificate, Aadhaar-linked Bank Passbook",category=SC AND income<=800000 AND institute in top_class_list,https://scholarships.gov.in/public/schemeGuidelines/Top_Class_Education_Scheme_2018.pdf,,SC,800000.0,https://scholarships.gov.in/public/schemeGuidelines/Top_Class_Education_Scheme_2018.pdf,https://scholarships.gov.in
NSP023,"Free Coaching For SCs, OBCs And Beneficiaries Of PM CARES Children Scheme",Department of Social Justice & Empowerment,Department of Social Justice & Empowerment,Central Sector (Welfare),2026-27,Not Specified,Not Specified,All India,"SC, OBC, PM CARES beneficiaries",All,Not Specified,Not Specified,Not Specified,2026-08-03,2026-10-31,2026-11-30,"Aadhaar Card, Income Certificate, Category/Caste Certificate (if applicable), Domicile Certificate (state schemes), Previous Marksheet, Bonafide/Admission Certificate, Aadhaar-linked Bank Passbook","category=SC, OBC, PM CARES beneficiaries",https://scholarships.gov.in/public/schemeGuidelines/guid_3108.pdf,,SC|OBC|PM CARES beneficiaries,,https://scholarships.gov.in/public/schemeGuidelines/guid_3108.pdf,https://scholarships.gov.in
NSP024,Pre Matric Scholarship For Students With Disabilities,Department of Empowerment of Persons with Disabilities,Department of Empowerment of Persons with Disabilities,Central Sector (Welfare),2026-27,School,Not Specified,All India,PwD,All,"₹2,50,000 per annum",40%+ benchmark disability,Maintenance allowance + fee reimbursement (School stage),2026-07-25,2026-09-30,2026-10-31,"Aadhaar Card, Disability Certificate (40%+ benchmark), Income Certificate, Previous Marksheet, Bonafide Certificate, Aadhaar-linked Bank Passbook",category=PwD(>=40%) AND income<=250000 AND education_level=School,https://scholarships.gov.in/public/schemeGuidelines/DEPDGuidelines_1.pdf,school,PwD,250000.0,https://scholarships.gov.in/public/schemeGuidelines/DEPDGuidelines_1.pdf,https://scholarships.gov.in
NSP025,Post Matric Scholarship For Students With Disabilities,Department of Empowerment of Persons with Disabilities,Department of Empowerment of Persons with Disabilities,Central Sector (Welfare),2026-27,Not Specified,Not Specified,All India,PwD,All,"₹2,50,000 per annum",40%+ benchmark disability; passing marks in previous class,"Maintenance allowance up to ₹1,600/month (hostellers) / ₹750/month (day scholars) + fee reimbursement",2026-07-25,2026-10-31,2026-11-30,"Aadhaar Card, Disability Certificate (40%+ benchmark), Income Certificate, Previous Marksheet, Bonafide Certificate, Aadhaar-linked Bank Passbook","category=PwD(>=40%) AND income<=250000 AND education_level in [Class11,Class12,UG,PG,Diploma,ITI,PhD]",https://scholarships.gov.in/public/schemeGuidelines/DEPDGuidelines_1.pdf,,PwD,250000.0,https://scholarships.gov.in/public/schemeGuidelines/DEPDGuidelines_1.pdf,https://scholarships.gov.in
NSP026,Scholarship For Top Class Education For Students With Disabilities,Department of Empowerment of Persons with Disabilities,Department of Empowerment of Persons with Disabilities,Central Sector (Welfare),2026-27,Not Specified,Not Specified,All India,PwD,All,"₹8,00,000 per annum",40%+ benchmark disability; admission in listed top-class institution,Full tuition fee + maintenance allowance,2026-06-01,2026-10-31,2026-11-30,"Aadhaar Card, Disability Certificate (40%+ benchmark), Income Certificate, Previous Marksheet, Bonafide Certificate, Aadhaar-linked Bank Passbook",category=PwD(>=40%) AND income<=800000 AND institute in top_class_list,https://scholarships.gov.in/public/schemeGuidelines/DEPDGuidelines_1.pdf,,PwD,800000.0,https://scholarships.gov.in/public/schemeGuidelines/DEPDGuidelines_1.pdf,https://scholarships.gov.in
NSP027,National Means Cum Merit Scholarship,Department of School Education & Literacy,Department of School Education & Literacy,Central Sector (Merit),2026-27,School (Class 9-12),Not Specified,All India,Not Specified,All,"₹3,50,000 per annum",55% marks in Class VII (relaxable 5% for SC/ST); 60%+ in Class X to continue,"₹12,000 per year (₹1,000/month)",2026-06-01,2026-09-30,2026-10-31,"Aadhaar Card, Income Certificate, Category/Caste Certificate (if applicable), Previous Marksheet, Bonafide/Admission Certificate, Aadhaar-linked Bank Passbook",education_level=School(9-12) AND income<=350000 AND marks>=55(SC/ST:50) AND studying in Govt/Govt-aided/local body school,https://scholarships.gov.in/public/schemeGuidelines/NMMSSGuidelines.pdf,school,Not Specified,350000.0,https://scholarships.gov.in/public/schemeGuidelines/NMMSSGuidelines.pdf,https://scholarships.gov.in
NSP028,PM-USP Central Sector Scheme Of Scholarship For College And University Students (CSSS),Department of Higher Education,Department of Higher Education,Central Sector (Merit),2026-27,"Undergraduate, Postgraduate",Not Specified,All India,Not Specified,All,"₹4,50,000 per annum",Above 80th percentile in Class 12 board exam (stream-wise),"₹12,000/year (UG, first 3 years); ₹20,000/year (PG/professional, years 4-5)",2026-06-01,2026-09-30,2026-10-30,"Aadhaar Card, Class 12 Marksheet (80th percentile), Income Certificate, Bonafide Certificate, Aadhaar-linked Bank Passbook, Caste Certificate (if applicable)",education_level=UG/PG AND income<=450000 AND class12_percentile>=80 AND regular_course=True AND not_availing_other_scholarship=True,https://scholarships.gov.in/public/schemeGuidelines/CSSS_GUIDLINES_07022024_updated.pdf,postgraduate|undergraduate,Not Specified,450000.0,https://scholarships.gov.in/public/schemeGuidelines/CSSS_GUIDLINES_07022024_updated.pdf,https://scholarships.gov.in
NSP029,National Fellowship And Scholarship For Higher Education Of ST Students,Ministry of Tribal Affairs,Ministry of Tribal Affairs,Central Sector (Merit),2026-27,"PG, PhD",Not Specified,All India,ST,All,Not Specified,"Enrolled in PG/MPhil/PhD, NET/JRF qualified or equivalent",Fellowship stipend (UGC JRF/SRF rates) + contingency & HRA,2026-06-01,2026-10-31,2026-11-30,"Aadhaar Card, Previous Marksheet/Rank Card, Domicile Certificate, Category Certificate (if applicable), Bonafide Certificate, Aadhaar-linked Bank Passbook","category=ST AND education_level in [PG,MPhil,PhD]",https://scholarships.gov.in/public/schemeGuidelines/tribalfellowshipguideline.pdf,phd,ST,,https://scholarships.gov.in/public/schemeGuidelines/tribalfellowshipguideline.pdf,https://scholarships.gov.in
NSP030,Financial Support To The Students Of NER For Higher Professional Courses (NEC Merit Scholarship),"North Eastern Council (NEC), DoNER","North Eastern Council (NEC), DoNER",Central Sector (Merit),2026-27,Not Specified,Not Specified,North Eastern Region,Permanent residents of North Eastern States,All,"₹8,00,000 per annum",60%+ aggregate in HSLC/HSSLC (Class 10/12),"₹22,000/year (UG); ₹25,000/year (PG)",2026-07-15,2026-10-31,2026-11-30,"Aadhaar Card, Income Certificate, Category/Caste Certificate (if applicable), Domicile Certificate (state schemes), Previous Marksheet, Bonafide/Admission Certificate, Aadhaar-linked Bank Passbook",domicile=North Eastern Region,https://scholarships.gov.in/public/schemeGuidelines/NEC_1234_G.pdf,,Permanent residents of North Eastern States,800000.0,https://scholarships.gov.in/public/schemeGuidelines/NEC_1234_G.pdf,https://scholarships.gov.in
NSP031,Prime Minister's Scholarship Scheme For Ministry Of Railways,Ministry of Railways (Railway Board),Ministry of Railways (Railway Board),Central Sector (Merit),2026-27,Not Specified,Not Specified,All India,Not Specified,All,Not Specified,Not Specified,Not Specified,2026-06-01,2026-10-31,2026-11-30,"Aadhaar Card, Income Certificate, Category/Caste Certificate (if applicable), Domicile Certificate (state schemes), Previous Marksheet, Bonafide/Admission Certificate, Aadhaar-linked Bank Passbook",Not Specified (see official guidelines),https://scholarships.gov.in/public/schemeGuidelines/MORB_GL.pdf,,Not Specified,,https://scholarships.gov.in/public/schemeGuidelines/MORB_GL.pdf,https://scholarships.gov.in
NSP032,Pre-Matric Scholarship Scheme for Minorities,Ministry of Minority Affairs,Ministry of Minority Affairs,Centrally Sponsored (Welfare),2026-27,School (Class 1-10),Not Specified,All India,"Muslim, Christian, Sikh, Jain, Buddhist, Parsi",All,"₹1,00,000 per annum",50% marks in previous exam,Admission/tuition fee (up to ₹500-₹350/month) + maintenance allowance ₹100-600/month (Class 1-10),2026-06-01,2026-10-31,2026-11-30,"Aadhaar Card, Income Certificate, Category/Caste Certificate (if applicable), Previous Marksheet, Bonafide/Admission Certificate, Aadhaar-linked Bank Passbook",category=Minority(Muslim/Christian/Sikh/Jain/Buddhist/Parsi) AND income<=100000 AND marks>=50 AND education_level=School(1-10),Not Specified,school,Muslim|Christian|Sikh|Jain|Buddhist|Parsi|Minority,100000.0,https://scholarships.gov.in,https://scholarships.gov.in
NSP033,Post-Matric Scholarship Scheme for Minorities,Ministry of Minority Affairs,Ministry of Minority Affairs,Centrally Sponsored (Welfare),2026-27,Post-Matric (Class 11 onward),Not Specified,All India,"Muslim, Christian, Sikh, Jain, Buddhist, Parsi",All,"₹2,00,000 per annum",50% marks in previous exam,"Admission/tuition fee up to ₹10,000/year + maintenance allowance up to ₹380-570/month",2026-06-01,2026-10-31,2026-11-30,"Aadhaar Card, Income Certificate, Category/Caste Certificate (if applicable), Previous Marksheet, Bonafide/Admission Certificate, Aadhaar-linked Bank Passbook","category=Minority AND income<=200000 AND marks>=50 AND education_level=PostMatric(XI-PhD, non-MCM courses)",Not Specified,post_matric,Muslim|Christian|Sikh|Jain|Buddhist|Parsi|Minority,200000.0,https://scholarships.gov.in,https://scholarships.gov.in
NSP034,Merit-cum-Means Scholarship for Professional and Technical Courses,Ministry of Minority Affairs,Ministry of Minority Affairs,Centrally Sponsored (Merit-cum-Means),2026-27,Professional/Technical courses,Not Specified,All India,"Muslim, Christian, Sikh, Jain, Buddhist, Parsi",All,"₹2,50,000 per annum",50% marks in qualifying exam; admission to listed professional/technical course,"Course/tuition fee up to ₹20,000/year + maintenance allowance",2026-06-01,2026-10-31,2026-11-30,"Aadhaar Card, Income Certificate, Category/Caste Certificate (if applicable), Previous Marksheet, Bonafide/Admission Certificate, Aadhaar-linked Bank Passbook",category=Minority AND income<=250000 AND marks>=50 AND course in professional_technical_list,Not Specified,post_matric,Muslim|Christian|Sikh|Jain|Buddhist|Parsi|Minority,250000.0,https://scholarships.gov.in,https://scholarships.gov.in
NSP035,Post Matric Scholarship Scheme for SC Students (UT only),Department of Social Justice & Empowerment,Department of Social Justice & Empowerment,Centrally Sponsored (Welfare),2026-27,Post-Matric,Not Specified,All India,SC,All,"₹2,50,000 per annum",Passing marks in previous class,Tuition fee + maintenance allowance (varies by course/UT),2026-06-01,2026-10-31,2026-11-30,"Aadhaar Card, Income Certificate, Category/Caste Certificate (if applicable), Previous Marksheet, Bonafide/Admission Certificate, Aadhaar-linked Bank Passbook",category=SC AND domicile=UT AND income<=250000 AND education_level=PostMatric,Not Specified,post_matric,SC,250000.0,https://scholarships.gov.in,https://scholarships.gov.in
NSP036,Pre-Matric Scholarship for SC Students studying in Class IX & X (UTs only),Department of Social Justice & Empowerment,Department of Social Justice & Empowerment,Centrally Sponsored (Welfare),2026-27,School (Class 9-10),Not Specified,All India,SC,All,"₹2,50,000 per annum","Enrolled in Class 9-10, passed previous class",Admission fee + maintenance allowance (Class 9-10),2026-06-01,2026-10-31,2026-11-30,"Aadhaar Card, Income Certificate, Category/Caste Certificate (if applicable), Previous Marksheet, Bonafide/Admission Certificate, Aadhaar-linked Bank Passbook",category=SC AND domicile=UT AND income<=250000 AND education_level=School(9-10),Not Specified,school,SC,250000.0,https://scholarships.gov.in,https://scholarships.gov.in
NSP037,Upgradation of Merit of SC Students,Department of Social Justice & Empowerment,Department of Social Justice & Empowerment,Centrally Sponsored (Merit),2026-27,Not Specified,Not Specified,All India,SC,All,No income limit specified (merit-based),Studying in Class 11-12 in listed reputed schools,Coaching/quality-education support to improve merit for higher education,2026-06-01,2026-10-31,2026-11-30,"Aadhaar Card, Previous Marksheet/Rank Card, Domicile Certificate, Category Certificate (if applicable), Bonafide Certificate, Aadhaar-linked Bank Passbook",category=SC AND education_level=Class(11-12) AND enrolled_in_designated_school=True,Not Specified,,SC,,,
NSP038,Pre-Matric Scholarship for OBC Students,Department of Social Justice & Empowerment (Backward Classes),Department of Social Justice & Empowerment (Backward Classes),Centrally Sponsored (Welfare),2026-27,School,Not Specified,All India,OBC,All,"₹1,00,000 per annum","Enrolled in School (Class 1-10), passed previous class",Admission fee + maintenance allowance (Class 1-10),2026-06-01,2026-10-31,2026-11-30,"Aadhaar Card, Income Certificate, Category/Caste Certificate (if applicable), Previous Marksheet, Bonafide/Admission Certificate, Aadhaar-linked Bank Passbook",category=OBC AND income<=100000 AND education_level=School,Not Specified,school,OBC,100000.0,https://scholarships.gov.in,https://scholarships.gov.in
NSP039,Post-Matric Scholarship for OBC Students,Department of Social Justice & Empowerment (Backward Classes),Department of Social Justice & Empowerment (Backward Classes),Centrally Sponsored (Welfare),2026-27,Post-Matric,Not Specified,All India,OBC,All,"₹1,50,000 per annum",Passed previous qualifying exam,Tuition fee + maintenance allowance,2026-06-01,2026-10-31,2026-11-30,"Aadhaar Card, Income Certificate, Category/Caste Certificate (if applicable), Previous Marksheet, Bonafide/Admission Certificate, Aadhaar-linked Bank Passbook",category=OBC AND income<=150000 AND education_level=PostMatric,Not Specified,post_matric,OBC,150000.0,https://scholarships.gov.in,https://scholarships.gov.in
NSP040,National Fellowship for OBC Students,Department of Social Justice & Empowerment (Backward Classes),Department of Social Justice & Empowerment (Backward Classes),Centrally Sponsored (Merit),2026-27,PhD,Not Specified,All India,OBC,All,No income limit specified (NET/JRF qualified based),"Enrolled in PhD program at recognized university, qualified UGC-NET/JRF or equivalent",Fellowship stipend (junior/senior research fellowship rates),2026-06-01,2026-10-31,2026-11-30,"Aadhaar Card, Previous Marksheet/Rank Card, Domicile Certificate, Category Certificate (if applicable), Bonafide Certificate, Aadhaar-linked Bank Passbook",category=OBC AND education_level=PhD AND net_jrf_qualified=True,Not Specified,phd,OBC,,https://scholarships.gov.in,https://scholarships.gov.in
NSP041,Government of India Post-Matric Scholarship (Maharashtra),"Social Justice and Special Assistance Department, Govt of Maharashtra","Social Justice and Special Assistance Department, Govt of Maharashtra",State Scheme,2026-27,Post-Matric,Not Specified,Maharashtra,SC,All,Not Specified,Not Specified,Not Specified,2026-06-01,2026-10-31,2026-11-30,"Aadhaar Card, Income Certificate, Category/Caste Certificate (if applicable), Domicile Certificate (state schemes), Previous Marksheet, Bonafide/Admission Certificate, Aadhaar-linked Bank Passbook",education_level=Post-Matric AND category=SC AND domicile=Maharashtra,Not Specified,post_matric,SC,,https://mahadbt.maharashtra.gov.in,https://mahadbt.maharashtra.gov.in
NSP042,Post-Matric Tuition Fee and Examination Fee (Freeship) - Maharashtra,"Social Justice and Special Assistance Department, Govt of Maharashtra","Social Justice and Special Assistance Department, Govt of Maharashtra",State Scheme,2026-27,Not Specified,Not Specified,Maharashtra,SC,All,Not Specified,Not Specified,Not Specified,2026-06-01,2026-10-31,2026-11-30,"Aadhaar Card, Income Certificate, Category/Caste Certificate (if applicable), Domicile Certificate (state schemes), Previous Marksheet, Bonafide/Admission Certificate, Aadhaar-linked Bank Passbook",category=SC AND domicile=Maharashtra,Not Specified,,SC,,https://mahadbt.maharashtra.gov.in,https://mahadbt.maharashtra.gov.in
NSP043,Maintenance Allowance for Students in Professional Courses - Maharashtra,"Social Justice and Special Assistance Department, Govt of Maharashtra","Social Justice and Special Assistance Department, Govt of Maharashtra",State Scheme,2026-27,Professional courses,Not Specified,Maharashtra,SC,All,Not Specified,Not Specified,Not Specified,2026-06-01,2026-10-31,2026-11-30,"Aadhaar Card, Income Certificate, Category/Caste Certificate (if applicable), Domicile Certificate (state schemes), Previous Marksheet, Bonafide/Admission Certificate, Aadhaar-linked Bank Passbook",education_level=Professional courses AND category=SC AND domicile=Maharashtra,Not Specified,post_matric,SC,,https://mahadbt.maharashtra.gov.in,https://mahadbt.maharashtra.gov.in
NSP044,Rajarshri Chhatrapati Shahu Maharaj Merit Scholarship - Maharashtra,"Social Justice and Special Assistance Department, Govt of Maharashtra","Social Justice and Special Assistance Department, Govt of Maharashtra",State Scheme,2026-27,Not Specified,Not Specified,Maharashtra,SC,All,Not Specified,Not Specified,Not Specified,2026-06-01,2026-10-31,2026-11-30,"Aadhaar Card, Income Certificate, Category/Caste Certificate (if applicable), Domicile Certificate (state schemes), Previous Marksheet, Bonafide/Admission Certificate, Aadhaar-linked Bank Passbook",category=SC AND domicile=Maharashtra,Not Specified,,SC,,https://mahadbt.maharashtra.gov.in,https://mahadbt.maharashtra.gov.in
NSP045,Post-Matric Scholarship for Persons with Disability - Maharashtra,"Social Justice and Special Assistance Department, Govt of Maharashtra","Social Justice and Special Assistance Department, Govt of Maharashtra",State Scheme,2026-27,Not Specified,Not Specified,Maharashtra,PwD,All,Not Specified,Not Specified,Not Specified,2026-06-01,2026-10-31,2026-11-30,"Aadhaar Card, Income Certificate, Category/Caste Certificate (if applicable), Domicile Certificate (state schemes), Previous Marksheet, Bonafide/Admission Certificate, Aadhaar-linked Bank Passbook",category=PwD AND domicile=Maharashtra,Not Specified,,PwD,,https://mahadbt.maharashtra.gov.in,https://mahadbt.maharashtra.gov.in
NSP046,Post Matric Scholarship Scheme (Tribal Development) - Maharashtra,"Tribal Development Department, Govt of Maharashtra","Tribal Development Department, Govt of Maharashtra",State Scheme,2026-27,Post-Matric,Not Specified,Maharashtra,ST,All,Not Specified,Not Specified,Not Specified,2026-06-01,2026-10-31,2026-11-30,"Aadhaar Card, Income Certificate, Category/Caste Certificate (if applicable), Domicile Certificate (state schemes), Previous Marksheet, Bonafide/Admission Certificate, Aadhaar-linked Bank Passbook",education_level=Post-Matric AND category=ST AND domicile=Maharashtra,Not Specified,post_matric,ST,,https://mahadbt.maharashtra.gov.in,https://mahadbt.maharashtra.gov.in
NSP047,Tuition Fee & Exam Fee for Tribal Students (Freeship) - Maharashtra,"Tribal Development Department, Govt of Maharashtra","Tribal Development Department, Govt of Maharashtra",State Scheme,2026-27,Not Specified,Not Specified,Maharashtra,ST,All,Not Specified,Not Specified,Not Specified,2026-06-01,2026-10-31,2026-11-30,"Aadhaar Card, Income Certificate, Category/Caste Certificate (if applicable), Domicile Certificate (state schemes), Previous Marksheet, Bonafide/Admission Certificate, Aadhaar-linked Bank Passbook",category=ST AND domicile=Maharashtra,Not Specified,,ST,,https://mahadbt.maharashtra.gov.in,https://mahadbt.maharashtra.gov.in
NSP048,Rajarshi Chhatrapati Shahu Maharaj Shikshan Shulk Shishyavrutti - Maharashtra,"Directorate of Higher Education, Govt of Maharashtra","Directorate of Higher Education, Govt of Maharashtra",State Scheme,2026-27,Not Specified,Not Specified,Maharashtra,Not Specified,All,Not Specified,Not Specified,Not Specified,2026-06-01,2026-10-31,2026-11-30,"Aadhaar Card, Income Certificate, Category/Caste Certificate (if applicable), Domicile Certificate (state schemes), Previous Marksheet, Bonafide/Admission Certificate, Aadhaar-linked Bank Passbook",domicile=Maharashtra,Not Specified,,Not Specified,,https://mahadbt.maharashtra.gov.in,https://mahadbt.maharashtra.gov.in
NSP049,Assistance to Meritorious Students Scholarship - Junior Level (Maharashtra),"Directorate of Higher Education, Govt of Maharashtra","Directorate of Higher Education, Govt of Maharashtra",State Scheme,2026-27,Junior College,Not Specified,Maharashtra,Not Specified,All,Not Specified,Not Specified,Not Specified,2026-06-01,2026-10-31,2026-11-30,"Aadhaar Card, Income Certificate, Category/Caste Certificate (if applicable), Domicile Certificate (state schemes), Previous Marksheet, Bonafide/Admission Certificate, Aadhaar-linked Bank Passbook",education_level=Junior College AND domicile=Maharashtra,Not Specified,school,Not Specified,,,
NSP050,Education Concession to Children of Ex-Servicemen - Maharashtra,"Directorate of Higher Education, Govt of Maharashtra","Directorate of Higher Education, Govt of Maharashtra",State Scheme,2026-27,Not Specified,Not Specified,Maharashtra,Children of Ex-Servicemen,All,Not Specified,Not Specified,Not Specified,2026-06-01,2026-10-31,2026-11-30,"Aadhaar Card, Income Certificate, Category/Caste Certificate (if applicable), Domicile Certificate (state schemes), Previous Marksheet, Bonafide/Admission Certificate, Aadhaar-linked Bank Passbook",category=Children of Ex-Servicemen AND domicile=Maharashtra,Not Specified,,Children of Ex-Servicemen,,,
NSP051,Eklavya Scholarship - Maharashtra,"Directorate of Higher Education, Govt of Maharashtra","Directorate of Higher Education, Govt of Maharashtra",State Scheme,2026-27,Not Specified,Not Specified,Maharashtra,Not Specified,All,Not Specified,Not Specified,Not Specified,2026-06-01,2026-10-31,2026-11-30,"Aadhaar Card, Income Certificate, Category/Caste Certificate (if applicable), Domicile Certificate (state schemes), Previous Marksheet, Bonafide/Admission Certificate, Aadhaar-linked Bank Passbook",domicile=Maharashtra,Not Specified,,Not Specified,,,
NSP052,State Government Open Merit Scholarship - Maharashtra,"Directorate of Higher Education, Govt of Maharashtra","Directorate of Higher Education, Govt of Maharashtra",State Scheme,2026-27,Not Specified,Not Specified,Maharashtra,Not Specified,All,Not Specified,Not Specified,Not Specified,2026-06-01,2026-10-31,2026-11-30,"Aadhaar Card, Income Certificate, Category/Caste Certificate (if applicable), Domicile Certificate (state schemes), Previous Marksheet, Bonafide/Admission Certificate, Aadhaar-linked Bank Passbook",domicile=Maharashtra,Not Specified,,Not Specified,,,
NSP053,Scholarship to Meritorious Students in Mathematics/Physics - Maharashtra,"Directorate of Higher Education, Govt of Maharashtra","Directorate of Higher Education, Govt of Maharashtra",State Scheme,2026-27,Not Specified,"Mathematics, Physics",Maharashtra,Not Specified,All,Not Specified,Not Specified,Not Specified,2026-06-01,2026-10-31,2026-11-30,"Aadhaar Card, Income Certificate, Category/Caste Certificate (if applicable), Domicile Certificate (state schemes), Previous Marksheet, Bonafide/Admission Certificate, Aadhaar-linked Bank Passbook",domicile=Maharashtra,Not Specified,,Not Specified,,,
NSP054,Government Vidyaniketan Scholarship - Maharashtra,"Directorate of Higher Education, Govt of Maharashtra","Directorate of Higher Education, Govt of Maharashtra",State Scheme,2026-27,Not Specified,Not Specified,Maharashtra,Not Specified,All,Not Specified,Not Specified,Not Specified,2026-06-01,2026-10-31,2026-11-30,"Aadhaar Card, Income Certificate, Category/Caste Certificate (if applicable), Domicile Certificate (state schemes), Previous Marksheet, Bonafide/Admission Certificate, Aadhaar-linked Bank Passbook",domicile=Maharashtra,Not Specified,,Not Specified,,,
NSP055,Open Merit Scholarship in Junior College - Maharashtra,"School Education and Sports Department, Govt of Maharashtra","School Education and Sports Department, Govt of Maharashtra",State Scheme,2026-27,Junior College,Not Specified,Maharashtra,Not Specified,All,Not Specified,Not Specified,Not Specified,2026-06-01,2026-10-31,2026-11-30,"Aadhaar Card, Income Certificate, Category/Caste Certificate (if applicable), Domicile Certificate (state schemes), Previous Marksheet, Bonafide/Admission Certificate, Aadhaar-linked Bank Passbook",education_level=Junior College AND domicile=Maharashtra,Not Specified,school,Not Specified,,,
NSP056,Merit Scholarship for Economically Backward Class Students - Maharashtra,"School Education and Sports Department, Govt of Maharashtra","School Education and Sports Department, Govt of Maharashtra",State Scheme,2026-27,Not Specified,Not Specified,Maharashtra,EBC,All,Not Specified,Not Specified,Not Specified,2026-06-01,2026-10-31,2026-11-30,"Aadhaar Card, Income Certificate, Category/Caste Certificate (if applicable), Domicile Certificate (state schemes), Previous Marksheet, Bonafide/Admission Certificate, Aadhaar-linked Bank Passbook",category=EBC AND domicile=Maharashtra,Not Specified,,EBC,,,
NSP057,Post-Matric Scholarship to VJNT Students - Maharashtra,"VJNT, OBC and SBC Welfare Department, Govt of Maharashtra","VJNT, OBC and SBC Welfare Department, Govt of Maharashtra",State Scheme,2026-27,Post-Matric,Not Specified,Maharashtra,VJNT,All,Not Specified,Not Specified,Not Specified,2026-06-01,2026-10-31,2026-11-30,"Aadhaar Card, Income Certificate, Category/Caste Certificate (if applicable), Domicile Certificate (state schemes), Previous Marksheet, Bonafide/Admission Certificate, Aadhaar-linked Bank Passbook",education_level=Post-Matric AND category=VJNT AND domicile=Maharashtra,Not Specified,post_matric,VJNT,,https://mahadbt.maharashtra.gov.in,https://mahadbt.maharashtra.gov.in
NSP058,Post-Matric Scholarship for OBC Students - Maharashtra,"VJNT, OBC and SBC Welfare Department, Govt of Maharashtra","VJNT, OBC and SBC Welfare Department, Govt of Maharashtra",State Scheme,2026-27,Post-Matric,Not Specified,Maharashtra,OBC,All,"₹1,50,000 per annum",50% marks in previous qualifying exam,Tuition fee reimbursement (50-100%) + maintenance allowance up to ₹425/month,2026-06-01,2026-10-31,2026-11-30,"Aadhaar Card, Income Certificate, Category/Caste Certificate (if applicable), Domicile Certificate (state schemes), Previous Marksheet, Bonafide/Admission Certificate, Aadhaar-linked Bank Passbook","education_level=Post-Matric AND category=OBC AND income<=₹1,50,000 per annum AND academic: 50% marks in previous qualifying exam AND domicile=Maharashtra",https://mahadbt2.maharashtra.gov.in,post_matric,OBC,150000.0,https://mahadbt.maharashtra.gov.in,https://mahadbt.maharashtra.gov.in
NSP059,Tuition Fees and Examination Fees to VJNT Students - Maharashtra,"VJNT, OBC and SBC Welfare Department, Govt of Maharashtra","VJNT, OBC and SBC Welfare Department, Govt of Maharashtra",State Scheme,2026-27,Not Specified,Not Specified,Maharashtra,VJNT,All,Not Specified,Not Specified,Not Specified,2026-06-01,2026-10-31,2026-11-30,"Aadhaar Card, Income Certificate, Category/Caste Certificate (if applicable), Domicile Certificate (state schemes), Previous Marksheet, Bonafide/Admission Certificate, Aadhaar-linked Bank Passbook",category=VJNT AND domicile=Maharashtra,Not Specified,,VJNT,,https://mahadbt.maharashtra.gov.in,https://mahadbt.maharashtra.gov.in
NSP060,Merit-Cum-Means Financial Assistance Scheme (Delhi),"E-District Portal, Govt of NCT of Delhi","E-District Portal, Govt of NCT of Delhi",State Scheme,2026-27,Not Specified,Not Specified,Delhi,"GEN, SC, ST, OBC, Minority, PwD",All,Not Specified,"60% marks in previous year, no backlog",Tuition fee reimbursement: 100% (income<2.5L)/50% (2.5-6L)/25% tiers,,,,"Aadhaar Card, Income Certificate, Category/Caste Certificate (if applicable), Domicile Certificate (state schemes), Previous Marksheet, Bonafide/Admission Certificate, Aadhaar-linked Bank Passbook","category=GEN, SC, ST, OBC, Minority, PwD AND academic: 60% marks in previous year, no backlog AND domicile=Delhi",Not Specified,,GEN|SC|ST|OBC|Minority|PwD,,https://edistrict.delhigovt.nic.in,https://edistrict.delhigovt.nic.in
NSP061,Merit Scholarship for SC/ST/OBC Students (Higher Education) - Delhi,"Department for the Welfare of SC/ST/OBC, Govt of NCT of Delhi","Department for the Welfare of SC/ST/OBC, Govt of NCT of Delhi",State Scheme,2026-27,Not Specified,Not Specified,Delhi,"SC, ST, OBC",All,Not Specified,Not Specified,"₹5,000-₹18,600",,2026-10-31,,"Aadhaar Card, Income Certificate, Category/Caste Certificate (if applicable), Domicile Certificate (state schemes), Previous Marksheet, Bonafide/Admission Certificate, Aadhaar-linked Bank Passbook","category=SC, ST, OBC AND domicile=Delhi",Not Specified,,SC|ST|OBC,,https://edistrict.delhigovt.nic.in,https://edistrict.delhigovt.nic.in
NSP062,Jai Bhim Mukhyamantri Pratibha Vikas Yojna - Delhi,"Department for the Welfare of SC/ST/OBC, Govt of NCT of Delhi","Department for the Welfare of SC/ST/OBC, Govt of NCT of Delhi",State Scheme,2026-27,Not Specified,Not Specified,Delhi,"SC, ST, OBC",All,Not Specified,Not Specified,"₹50,000-₹1,00,000",,2026-10-31,,"Aadhaar Card, Income Certificate, Category/Caste Certificate (if applicable), Domicile Certificate (state schemes), Previous Marksheet, Bonafide/Admission Certificate, Aadhaar-linked Bank Passbook","category=SC, ST, OBC AND domicile=Delhi",Not Specified,,SC|ST|OBC,,https://edistrict.delhigovt.nic.in,https://edistrict.delhigovt.nic.in
NSP063,Mukhyamantri Vidyarthi Pratibha Yojna - Delhi,"Department for the Welfare of SC/ST/OBC, Govt of NCT of Delhi","Department for the Welfare of SC/ST/OBC, Govt of NCT of Delhi",State Scheme,2026-27,Not Specified,Not Specified,Delhi,"SC, ST, OBC, Minority",All,Not Specified,Not Specified,"₹5,000-₹10,000",,2026-10-31,,"Aadhaar Card, Income Certificate, Category/Caste Certificate (if applicable), Domicile Certificate (state schemes), Previous Marksheet, Bonafide/Admission Certificate, Aadhaar-linked Bank Passbook","category=SC, ST, OBC, Minority AND domicile=Delhi",Not Specified,,SC|ST|OBC|Minority,,https://edistrict.delhigovt.nic.in,https://edistrict.delhigovt.nic.in
NSP064,Scholarship/Merit Scholarship for OBC/Minority/SC/ST Students (Class I-XII) - Delhi,"Department for Welfare of SC/ST/OBC/Minorities, Govt of NCT of Delhi","Department for Welfare of SC/ST/OBC/Minorities, Govt of NCT of Delhi",State Scheme,2026-27,School (Class 1-12),Not Specified,Delhi,"SC, ST, OBC, Minority",All,"₹2,00,000 per annum",Not Specified,"₹1,000-₹4,500 per annum",,,,"Aadhaar Card, Income Certificate, Category/Caste Certificate (if applicable), Domicile Certificate (state schemes), Previous Marksheet, Bonafide/Admission Certificate, Aadhaar-linked Bank Passbook","education_level=School (Class 1-12) AND category=SC, ST, OBC, Minority AND income<=₹2,00,000 per annum AND domicile=Delhi",Not Specified,school,SC|ST|OBC|Minority,200000.0,https://edistrict.delhigovt.nic.in,https://edistrict.delhigovt.nic.in
NSP065,Post-Matric Scholarship for SC & OBC Students (Class XI to PhD) - Delhi,"Department for the Welfare of SC/ST/OBC, Govt of NCT of Delhi","Department for the Welfare of SC/ST/OBC, Govt of NCT of Delhi",State Scheme,2026-27,Post-Matric to PhD,Not Specified,Delhi,"SC, OBC",All,"₹2,00,000 per annum (OBC only; not applicable for SC)",Not Specified,Not Specified,,,,"Aadhaar Card, Income Certificate, Category/Caste Certificate (if applicable), Domicile Certificate (state schemes), Previous Marksheet, Bonafide/Admission Certificate, Aadhaar-linked Bank Passbook","education_level=Post-Matric to PhD AND category=SC, OBC AND income<=₹2,00,000 per annum (OBC only; not applicable for SC) AND domicile=Delhi",Not Specified,phd|post_matric|postgraduate|undergraduate,SC|OBC,200000.0,https://edistrict.delhigovt.nic.in,https://edistrict.delhigovt.nic.in
NSP066,Mukhyamantri Medhavi Vidyarthi Yojana (MMVY) - Madhya Pradesh,"Technical Education, Skill Development & Employment Dept, Govt of MP","Technical Education, Skill Development & Employment Dept, Govt of MP",State Scheme,2026-27,Undergraduate,Not Specified,Madhya Pradesh,"General, OBC, SC, ST, EWS",All,"₹6,00,000-₹8,00,000 per annum (varies by scheme version)",75%+ in MP Board / 85%+ in CBSE/ICSE Class 12,"Full institution fee waiver / up to ₹2,45,000 per year",,,,"Aadhaar Card, Income Certificate, Category/Caste Certificate (if applicable), Domicile Certificate (state schemes), Previous Marksheet, Bonafide/Admission Certificate, Aadhaar-linked Bank Passbook","education_level=Undergraduate AND category=General, OBC, SC, ST, EWS AND income<=₹6,00,000-₹8,00,000 per annum (varies by scheme version) AND academic: 75%+ in MP Board / 85%+ in CBSE/ICSE Class 12 AND domicile=Madhya Pradesh",https://medhavikalyan.mp.gov.in/MMVY.aspx,undergraduate,General|OBC|SC|ST|EWS,800000.0,https://medhavikalyan.mp.gov.in/MMVY.aspx,https://medhavikalyan.mp.gov.in/MMVY.aspx
NSP067,MPTAAS Post-Matric Scholarship for SC Students - Madhya Pradesh,"Tribal Affairs Automation System (MPTAAS), Govt of MP","Tribal Affairs Automation System (MPTAAS), Govt of MP",State Scheme,2026-27,Post-Matric,Not Specified,Madhya Pradesh,SC,All,Not Specified,Not Specified,Not Specified,,,,"Aadhaar Card, Income Certificate, Category/Caste Certificate (if applicable), Domicile Certificate (state schemes), Previous Marksheet, Bonafide/Admission Certificate, Aadhaar-linked Bank Passbook",education_level=Post-Matric AND category=SC AND domicile=Madhya Pradesh,https://tribal.mp.gov.in/mptaas,post_matric,SC,,https://tribal.mp.gov.in/mptaas,https://tribal.mp.gov.in/mptaas
NSP068,MPTAAS Post-Matric Scholarship for ST Students - Madhya Pradesh,"Tribal Affairs Automation System (MPTAAS), Govt of MP","Tribal Affairs Automation System (MPTAAS), Govt of MP",State Scheme,2026-27,Post-Matric,Not Specified,Madhya Pradesh,ST,All,Not Specified,Not Specified,Not Specified,,,,"Aadhaar Card, Income Certificate, Category/Caste Certificate (if applicable), Domicile Certificate (state schemes), Previous Marksheet, Bonafide/Admission Certificate, Aadhaar-linked Bank Passbook",education_level=Post-Matric AND category=ST AND domicile=Madhya Pradesh,https://tribal.mp.gov.in/mptaas,post_matric,ST,,https://tribal.mp.gov.in/mptaas,https://tribal.mp.gov.in/mptaas
NSP069,MPTAAS Post-Matric Scholarship for OBC Students - Madhya Pradesh,"Tribal Affairs Automation System (MPTAAS), Govt of MP","Tribal Affairs Automation System (MPTAAS), Govt of MP",State Scheme,2026-27,Post-Matric,Not Specified,Madhya Pradesh,OBC,All,"₹75,000 (100% scholarship) / ₹1,00,000 (50% scholarship)",Not Specified,"Up to ₹40,000/year",,,,"Aadhaar Card, Income Certificate, Category/Caste Certificate (if applicable), Domicile Certificate (state schemes), Previous Marksheet, Bonafide/Admission Certificate, Aadhaar-linked Bank Passbook","education_level=Post-Matric AND category=OBC AND income<=₹75,000 (100% scholarship) / ₹1,00,000 (50% scholarship) AND domicile=Madhya Pradesh",https://tribal.mp.gov.in/mptaas,post_matric,OBC,100000.0,https://tribal.mp.gov.in/mptaas,https://tribal.mp.gov.in/mptaas
NSP070,Gaon Ki Beti Yojana - Madhya Pradesh,"Higher Education Department, Govt of MP","Higher Education Department, Govt of MP",State Scheme,2026-27,Undergraduate,Rural areas,Madhya Pradesh,Not Specified,Female,Not Specified,Not Specified,"₹5,000",,,,"Aadhaar Card, Income Certificate, Category/Caste Certificate (if applicable), Domicile Certificate (state schemes), Previous Marksheet, Bonafide/Admission Certificate, Aadhaar-linked Bank Passbook",education_level=Undergraduate AND domicile=Madhya Pradesh,Not Specified,undergraduate,Not Specified,,,
NSP071,Pratibha Kiran Yojana - Madhya Pradesh,"Higher Education Department, Govt of MP","Higher Education Department, Govt of MP",State Scheme,2026-27,Not Specified,Not Specified,Madhya Pradesh,Not Specified,All,Not Specified,Not Specified,"₹5,000",,,,"Aadhaar Card, Income Certificate, Category/Caste Certificate (if applicable), Domicile Certificate (state schemes), Previous Marksheet, Bonafide/Admission Certificate, Aadhaar-linked Bank Passbook",domicile=Madhya Pradesh,Not Specified,,Not Specified,,,
NSP072,Vikramaditya Free Education Scheme - Madhya Pradesh,"Higher Education Department, Govt of MP","Higher Education Department, Govt of MP",State Scheme,2026-27,Not Specified,Not Specified,Madhya Pradesh,Not Specified,All,Not Specified,Not Specified,"₹2,500",,,,"Aadhaar Card, Income Certificate, Category/Caste Certificate (if applicable), Domicile Certificate (state schemes), Previous Marksheet, Bonafide/Admission Certificate, Aadhaar-linked Bank Passbook",domicile=Madhya Pradesh,Not Specified,,Not Specified,,,
NSP073,Mukhyamantri Jan Kalyan (Shiksha Protsahan) Yojana - Madhya Pradesh,"Higher Education Department, Govt of MP","Higher Education Department, Govt of MP",State Scheme,2026-27,Not Specified,Not Specified,Madhya Pradesh,Children of unorganized workers (Labour Dept),All,Not Specified,"JEE Mains rank <=1,50,000 (Engg) / CLAT (Law) / NEET (Medical)","₹5,000-₹1,00,000",,,,"Aadhaar Card, Income Certificate, Category/Caste Certificate (if applicable), Domicile Certificate (state schemes), Previous Marksheet, Bonafide/Admission Certificate, Aadhaar-linked Bank Passbook","category=Children of unorganized workers (Labour Dept) AND academic: JEE Mains rank <=1,50,000 (Engg) / CLAT (Law) / NEET (Medical) AND domicile=Madhya Pradesh",Not Specified,,Children of unorganized workers (Labour Dept),,,
NSP074,Digital Gujarat Post-Matric Scholarship for SC Students,"Social Justice and Empowerment Department, Govt of Gujarat","Social Justice and Empowerment Department, Govt of Gujarat",State Scheme,2026-27,Post-Matric,Not Specified,Gujarat,SC,All,"₹2,50,000 per annum",Must have passed previous annual examination (no fixed minimum % for basic Post-Matric),Full tuition fee + maintenance,,,,"Aadhaar Card, Income Certificate, Category/Caste Certificate (if applicable), Domicile Certificate (state schemes), Previous Marksheet, Bonafide/Admission Certificate, Aadhaar-linked Bank Passbook","education_level=Post-Matric AND category=SC AND income<=₹2,50,000 per annum AND domicile=Gujarat",https://digitalgujarat.gov.in,post_matric,SC,250000.0,https://digitalgujarat.gov.in,https://digitalgujarat.gov.in
NSP075,Digital Gujarat Post-Matric Scholarship for ST Students,"Tribal Development Department, Govt of Gujarat","Tribal Development Department, Govt of Gujarat",State Scheme,2026-27,Post-Matric,Not Specified,Gujarat,ST,All,"₹2,50,000 per annum",Must have passed previous annual examination (no fixed minimum % for basic Post-Matric),"₹3,000-₹60,000",,,,"Aadhaar Card, Income Certificate, Category/Caste Certificate (if applicable), Domicile Certificate (state schemes), Previous Marksheet, Bonafide/Admission Certificate, Aadhaar-linked Bank Passbook","education_level=Post-Matric AND category=ST AND income<=₹2,50,000 per annum AND domicile=Gujarat",https://digitalgujarat.gov.in,post_matric,ST,250000.0,https://digitalgujarat.gov.in,https://digitalgujarat.gov.in
NSP076,Digital Gujarat Post-Matric Scholarship for SEBC/OBC Students,"Developing Castes Welfare Department, Govt of Gujarat","Developing Castes Welfare Department, Govt of Gujarat",State Scheme,2026-27,Post-Matric,Not Specified,Gujarat,"SEBC, OBC",All,"₹2,50,000 per annum",Must have passed previous annual examination (no fixed minimum % for basic Post-Matric),"₹2,000-₹25,000",,,,"Aadhaar Card, Income Certificate, Category/Caste Certificate (if applicable), Domicile Certificate (state schemes), Previous Marksheet, Bonafide/Admission Certificate, Aadhaar-linked Bank Passbook","education_level=Post-Matric AND category=SEBC, OBC AND income<=₹2,50,000 per annum AND domicile=Gujarat",https://digitalgujarat.gov.in,post_matric,SEBC|OBC,250000.0,https://digitalgujarat.gov.in,https://digitalgujarat.gov.in
NSP077,Gujarat State Pre-Matric Scholarship for SC/ST/OBC Students,"Social Justice and Empowerment Dept / Tribal Development Dept, Govt of Gujarat","Social Justice and Empowerment Dept / Tribal Development Dept, Govt of Gujarat",State Scheme,2026-27,School (Class 1-10),Not Specified,Gujarat,"SC, ST, OBC",All,"₹2,50,000 per annum","Enrolled in Class 1-10, passed previous class","₹500-₹7,000",,,,"Aadhaar Card, Income Certificate, Category/Caste Certificate (if applicable), Domicile Certificate (state schemes), Previous Marksheet, Bonafide/Admission Certificate, Aadhaar-linked Bank Passbook","education_level=School (Class 1-10) AND category=SC, ST, OBC AND domicile=Gujarat",Not Specified,school,SC|ST|OBC,250000.0,,
NSP078,Dr. Ambedkar Post-Matric Scholarship for SC Students - Gujarat,"Social Justice and Empowerment Department, Govt of Gujarat","Social Justice and Empowerment Department, Govt of Gujarat",State Scheme,2026-27,Not Specified,Not Specified,Gujarat,SC,All,"₹2,50,000 per annum",Passed previous qualifying exam,"₹15,000-₹60,000",,,,"Aadhaar Card, Income Certificate, Category/Caste Certificate (if applicable), Domicile Certificate (state schemes), Previous Marksheet, Bonafide/Admission Certificate, Aadhaar-linked Bank Passbook",category=SC AND domicile=Gujarat,Not Specified,,SC,250000.0,,
NSP079,Mukhyamantri Yuva Swavalamban Yojana (MYSY) - Gujarat,"Education Department, Govt of Gujarat","Education Department, Govt of Gujarat",State Scheme,2026-27,Undergraduate,Not Specified,Gujarat,"General, OBC, SC, ST, EWS",All,"₹6,00,000 per annum",80 percentile+ in Class 12 Board / Diploma,"₹10,000-₹2,00,000",,,,"Aadhaar Card, Income Certificate, Category/Caste Certificate (if applicable), Domicile Certificate (state schemes), Previous Marksheet, Bonafide/Admission Certificate, Aadhaar-linked Bank Passbook","education_level=Undergraduate AND income<=₹6,00,000 per annum AND academic: 80 percentile+ in Class 12 Board / Diploma AND domicile=Gujarat",Not Specified,undergraduate,General|OBC|SC|ST|EWS,600000.0,,
NSP080,Mukhyamantri Kanya Kelavani Nidhi (MKKN) - Gujarat,"Education Department, Govt of Gujarat","Education Department, Govt of Gujarat",State Scheme,2026-27,Not Specified,MBBS,Gujarat,Female (Girls in MBBS),Female,"₹6,00,000 per annum (approx, varies)",Admission to MBBS course,"₹1,00,000-₹4,00,000",,,,"Aadhaar Card, Income Certificate, Category/Caste Certificate (if applicable), Domicile Certificate (state schemes), Previous Marksheet, Bonafide/Admission Certificate, Aadhaar-linked Bank Passbook",domicile=Gujarat,Not Specified,,Female (Girls in MBBS),600000.0,,
NSP081,Scholarship to the Disabled Students (Divyang) - Gujarat,"Social Justice and Empowerment Department, Govt of Gujarat","Social Justice and Empowerment Department, Govt of Gujarat",State Scheme,2026-27,Not Specified,Not Specified,Gujarat,PwD,All,"₹2,50,000 per annum",40%+ disability certified,"₹1,500-₹4,500",,,,"Aadhaar Card, Income Certificate, Category/Caste Certificate (if applicable), Domicile Certificate (state schemes), Previous Marksheet, Bonafide/Admission Certificate, Aadhaar-linked Bank Passbook",category=PwD AND domicile=Gujarat,Not Specified,,PwD,250000.0,,
NSP082,Swami Vivekanand Stipend Scheme for ITI & Technical Courses - Gujarat,"Directorate of Employment and Training, Govt of Gujarat","Directorate of Employment and Training, Govt of Gujarat",State Scheme,2026-27,"ITI, Technical",Not Specified,Gujarat,"SC, ST, OBC, General (ITI/Technical students)",All,"₹2,50,000 per annum",Not Specified,"₹4,800 per year",,,,"Aadhaar Card, Income Certificate, Category/Caste Certificate (if applicable), Domicile Certificate (state schemes), Previous Marksheet, Bonafide/Admission Certificate, Aadhaar-linked Bank Passbook","education_level=ITI, Technical AND domicile=Gujarat",Not Specified,undergraduate,SC|ST|OBC|General (ITI/Technical students),250000.0,,
NSP083,Jagananna Vidya Deevena - Andhra Pradesh,"Higher Education Department, Govt of Andhra Pradesh","Higher Education Department, Govt of Andhra Pradesh",State Scheme,2026-27,"Undergraduate, Postgraduate, Diploma",Not Specified,Andhra Pradesh,"SC, ST, OBC, Minority, Kapu, EBC, PwD, General",All,"₹2,50,000 per annum",33-40% marks in previous exam (varies by course),"Full tuition fee reimbursement, up to ₹1,50,000",,,,"Aadhaar Card, Income Certificate, Category/Caste Certificate (if applicable), Domicile Certificate (state schemes), Previous Marksheet, Bonafide/Admission Certificate, Aadhaar-linked Bank Passbook","education_level=Undergraduate, Postgraduate, Diploma AND category=SC, ST, OBC, Minority, Kapu, EBC, PwD, General AND income<=₹2,50,000 per annum AND academic: 33-40% marks in previous exam (varies by course) AND domicile=Andhra Pradesh",https://jnanabhumi.ap.gov.in,undergraduate,SC|ST|OBC|Minority|Kapu|EBC|PwD|General,250000.0,https://jnanabhumi.ap.gov.in,https://jnanabhumi.ap.gov.in
NSP084,Jagananna Vasathi Deevena - Andhra Pradesh,"Higher Education Department, Govt of Andhra Pradesh","Higher Education Department, Govt of Andhra Pradesh",State Scheme,2026-27,"Undergraduate, Postgraduate",Not Specified,Andhra Pradesh,Not Specified,All,Not Specified,Not Specified,"₹10,000-₹20,000 (hostel/maintenance allowance)",,,,"Aadhaar Card, Income Certificate, Category/Caste Certificate (if applicable), Domicile Certificate (state schemes), Previous Marksheet, Bonafide/Admission Certificate, Aadhaar-linked Bank Passbook","education_level=Undergraduate, Postgraduate AND domicile=Andhra Pradesh",Not Specified,postgraduate|undergraduate,Not Specified,,,
NSP085,Andhra Pradesh Post-Matric SC Scholarship,"Social Welfare Department, Govt of Andhra Pradesh","Social Welfare Department, Govt of Andhra Pradesh",State Scheme,2026-27,Post-Matric,Not Specified,Andhra Pradesh,SC,All,Not Specified,Not Specified,"₹4,000-₹80,000",,,,"Aadhaar Card, Income Certificate, Category/Caste Certificate (if applicable), Domicile Certificate (state schemes), Previous Marksheet, Bonafide/Admission Certificate, Aadhaar-linked Bank Passbook",education_level=Post-Matric AND category=SC AND domicile=Andhra Pradesh,Not Specified,post_matric,SC,,,
NSP086,Andhra Pradesh Post-Matric BC Scholarship,"BC Welfare Department, Govt of Andhra Pradesh","BC Welfare Department, Govt of Andhra Pradesh",State Scheme,2026-27,Post-Matric,Not Specified,Andhra Pradesh,OBC (BC),All,Not Specified,Not Specified,"₹2,000-₹16,000",,,,"Aadhaar Card, Income Certificate, Category/Caste Certificate (if applicable), Domicile Certificate (state schemes), Previous Marksheet, Bonafide/Admission Certificate, Aadhaar-linked Bank Passbook",education_level=Post-Matric AND category=OBC (BC) AND domicile=Andhra Pradesh,Not Specified,post_matric,OBC (BC),,,
NSP087,Jnanabhumi Post-Matric & Pre-Matric Scholarship - Andhra Pradesh,Govt of Andhra Pradesh,Govt of Andhra Pradesh,State Scheme,2026-27,Not Specified,Not Specified,Andhra Pradesh,Not Specified,All,Not Specified,Not Specified,"₹5,000-₹1,00,000",,,,"Aadhaar Card, Income Certificate, Category/Caste Certificate (if applicable), Domicile Certificate (state schemes), Previous Marksheet, Bonafide/Admission Certificate, Aadhaar-linked Bank Passbook",domicile=Andhra Pradesh,Not Specified,,Not Specified,,,
NSP088,Andhra Pradesh NTR Vidyonnathi Scheme,"Education Department, Govt of Andhra Pradesh","Education Department, Govt of Andhra Pradesh",State Scheme,2026-27,Not Specified,Not Specified,Andhra Pradesh,Not Specified,All,Not Specified,Not Specified,"₹20,000-₹30,000",,2026-09-15,,"Aadhaar Card, Income Certificate, Category/Caste Certificate (if applicable), Domicile Certificate (state schemes), Previous Marksheet, Bonafide/Admission Certificate, Aadhaar-linked Bank Passbook",domicile=Andhra Pradesh,Not Specified,,Not Specified,,,
NSP089,Talliki Vandanam Scheme - Andhra Pradesh,"Department of School Education, Govt of Andhra Pradesh","Department of School Education, Govt of Andhra Pradesh",State Scheme,2026-27,School,Not Specified,Andhra Pradesh,Not Specified,All,Not Specified,Not Specified,"₹15,000",,,,"Aadhaar Card, Income Certificate, Category/Caste Certificate (if applicable), Domicile Certificate (state schemes), Previous Marksheet, Bonafide/Admission Certificate, Aadhaar-linked Bank Passbook",education_level=School AND domicile=Andhra Pradesh,Not Specified,school,Not Specified,,,
NSP090,UP Pre-Matric Scholarship (General/SC/ST),"Social Welfare Department, Govt of Uttar Pradesh","Social Welfare Department, Govt of Uttar Pradesh",State Scheme,2026-27,School (Class 9-10),Not Specified,Uttar Pradesh,"General, SC, ST",All,"₹2,50,000 per annum",Passed previous qualifying class/exam; enrolled in recognized UP institution,"₹1,000-₹3,500",,,,"Aadhaar Card, Income Certificate, Category/Caste Certificate (if applicable), Domicile Certificate (state schemes), Previous Marksheet, Bonafide/Admission Certificate, Aadhaar-linked Bank Passbook","education_level=School (Class 9-10) AND category=General, SC, ST AND income<=₹2,50,000 per annum AND domicile=Uttar Pradesh",https://scholarship.up.gov.in,school,General|SC|ST,250000.0,https://scholarship.up.gov.in,https://scholarship.up.gov.in
NSP091,UP Pre-Matric Scholarship (Minority),"Minority Welfare Department, Govt of Uttar Pradesh","Minority Welfare Department, Govt of Uttar Pradesh",State Scheme,2026-27,School (Class 9-10),Not Specified,Uttar Pradesh,Minority,All,"₹2,50,000 per annum (₹1,00,000 for Pre-Matric General/SC/ST per some scheme variants)",Passed previous qualifying class/exam; enrolled in recognized UP institution,"₹1,000-₹3,500",,,,"Aadhaar Card, Income Certificate, Category/Caste Certificate (if applicable), Domicile Certificate (state schemes), Previous Marksheet, Bonafide/Admission Certificate, Aadhaar-linked Bank Passbook",education_level=School (Class 9-10) AND category=Minority AND domicile=Uttar Pradesh,https://scholarship.up.gov.in,school,Minority,250000.0,https://scholarship.up.gov.in,https://scholarship.up.gov.in
NSP092,UP Pre-Matric Scholarship (OBC),"Backward Class Welfare Department, Govt of Uttar Pradesh","Backward Class Welfare Department, Govt of Uttar Pradesh",State Scheme,2026-27,School (Class 9-10),Not Specified,Uttar Pradesh,OBC,All,"₹2,50,000 per annum (₹1,00,000 for Pre-Matric General/SC/ST per some scheme variants)",Passed previous qualifying class/exam; enrolled in recognized UP institution,"₹750-₹1,500 per annum",,,,"Aadhaar Card, Income Certificate, Category/Caste Certificate (if applicable), Domicile Certificate (state schemes), Previous Marksheet, Bonafide/Admission Certificate, Aadhaar-linked Bank Passbook",education_level=School (Class 9-10) AND category=OBC AND domicile=Uttar Pradesh,https://scholarship.up.gov.in,school,OBC,250000.0,https://scholarship.up.gov.in,https://scholarship.up.gov.in
NSP093,UP Post-Matric Intermediate Scholarship (General/SC/ST),"Social Welfare Department, Govt of Uttar Pradesh","Social Welfare Department, Govt of Uttar Pradesh",State Scheme,2026-27,Intermediate (Class 11-12),Not Specified,Uttar Pradesh,"General, SC, ST",All,"₹2,50,000 per annum (₹1,00,000 for Pre-Matric General/SC/ST per some scheme variants)",Passed previous qualifying class/exam; enrolled in recognized UP institution,"₹6,000-₹15,000",,,,"Aadhaar Card, Income Certificate, Category/Caste Certificate (if applicable), Domicile Certificate (state schemes), Previous Marksheet, Bonafide/Admission Certificate, Aadhaar-linked Bank Passbook","education_level=Intermediate (Class 11-12) AND category=General, SC, ST AND domicile=Uttar Pradesh",https://scholarship.up.gov.in,school,General|SC|ST,250000.0,https://scholarship.up.gov.in,https://scholarship.up.gov.in
NSP094,UP Post-Matric Intermediate Scholarship (Minority),"Minority Welfare Department, Govt of Uttar Pradesh","Minority Welfare Department, Govt of Uttar Pradesh",State Scheme,2026-27,Intermediate (Class 11-12),Not Specified,Uttar Pradesh,Minority,All,"₹2,50,000 per annum (₹1,00,000 for Pre-Matric General/SC/ST per some scheme variants)",Passed previous qualifying class/exam; enrolled in recognized UP institution,"₹6,000-₹15,000",,,,"Aadhaar Card, Income Certificate, Category/Caste Certificate (if applicable), Domicile Certificate (state schemes), Previous Marksheet, Bonafide/Admission Certificate, Aadhaar-linked Bank Passbook",education_level=Intermediate (Class 11-12) AND category=Minority AND domicile=Uttar Pradesh,https://scholarship.up.gov.in,school,Minority,250000.0,https://scholarship.up.gov.in,https://scholarship.up.gov.in
NSP095,UP Post-Matric Intermediate Scholarship (OBC),"Backward Class Welfare Department, Govt of Uttar Pradesh","Backward Class Welfare Department, Govt of Uttar Pradesh",State Scheme,2026-27,Intermediate (Class 11-12),Not Specified,Uttar Pradesh,OBC,All,"₹2,50,000 per annum (₹1,00,000 for Pre-Matric General/SC/ST per some scheme variants)",Passed previous qualifying class/exam; enrolled in recognized UP institution,"₹6,000-₹15,000 per year",,,,"Aadhaar Card, Income Certificate, Category/Caste Certificate (if applicable), Domicile Certificate (state schemes), Previous Marksheet, Bonafide/Admission Certificate, Aadhaar-linked Bank Passbook",education_level=Intermediate (Class 11-12) AND category=OBC AND domicile=Uttar Pradesh,https://scholarship.up.gov.in,school,OBC,250000.0,https://scholarship.up.gov.in,https://scholarship.up.gov.in
NSP096,UP Post-Matric Scholarship - Dashmottar (Other Than Intermediate),"Social Welfare Department, Govt of Uttar Pradesh","Social Welfare Department, Govt of Uttar Pradesh",State Scheme,2026-27,"Undergraduate, Postgraduate, Diploma",Not Specified,Uttar Pradesh,"General, SC, ST",All,"₹2,50,000 per annum",Passed previous qualifying class/exam; enrolled in recognized UP institution,"₹15,000-₹50,000",,,,"Aadhaar Card, Income Certificate, Category/Caste Certificate (if applicable), Domicile Certificate (state schemes), Previous Marksheet, Bonafide/Admission Certificate, Aadhaar-linked Bank Passbook","education_level=Undergraduate, Postgraduate, Diploma AND category=General, SC, ST AND income<=₹2,50,000 per annum AND domicile=Uttar Pradesh",https://scholarship.up.gov.in,undergraduate,General|SC|ST,250000.0,https://scholarship.up.gov.in,https://scholarship.up.gov.in
NSP097,UP Post-Matric Scholarship (Outside State) - General/SC/ST,"Social Welfare Department, Govt of Uttar Pradesh","Social Welfare Department, Govt of Uttar Pradesh",State Scheme,2026-27,Post-Matric,Not Specified,Uttar Pradesh,"General, SC, ST",All,"₹2,50,000 per annum (₹1,00,000 for Pre-Matric General/SC/ST per some scheme variants)",Passed previous qualifying class/exam; enrolled in recognized UP institution,"₹15,000-₹50,000",,,,"Aadhaar Card, Income Certificate, Category/Caste Certificate (if applicable), Domicile Certificate (state schemes), Previous Marksheet, Bonafide/Admission Certificate, Aadhaar-linked Bank Passbook","education_level=Post-Matric AND category=General, SC, ST AND domicile=Uttar Pradesh",https://scholarship.up.gov.in,post_matric,General|SC|ST,250000.0,https://scholarship.up.gov.in,https://scholarship.up.gov.in
NSP098,UP Post-Matric (Other Than Intermediate) Scholarship for Minorities,"Minority Welfare Department, Govt of Uttar Pradesh","Minority Welfare Department, Govt of Uttar Pradesh",State Scheme,2026-27,"Undergraduate, Postgraduate, Diploma",Not Specified,Uttar Pradesh,Minority,All,"₹2,50,000 per annum (₹1,00,000 for Pre-Matric General/SC/ST per some scheme variants)",Passed previous qualifying class/exam; enrolled in recognized UP institution,"₹10,000-₹50,000",,,,"Aadhaar Card, Income Certificate, Category/Caste Certificate (if applicable), Domicile Certificate (state schemes), Previous Marksheet, Bonafide/Admission Certificate, Aadhaar-linked Bank Passbook","education_level=Undergraduate, Postgraduate, Diploma AND category=Minority AND domicile=Uttar Pradesh",https://scholarship.up.gov.in,undergraduate,Minority,250000.0,https://scholarship.up.gov.in,https://scholarship.up.gov.in
NSP099,UP Divyangjan Post-Matric Scholarship & Fee Reimbursement,"Divyangjan Sashaktikaran Vibhag, Govt of Uttar Pradesh","Divyangjan Sashaktikaran Vibhag, Govt of Uttar Pradesh",State Scheme,2026-27,Post-Matric,Not Specified,Uttar Pradesh,PwD,All,"₹2,50,000 per annum (₹1,00,000 for Pre-Matric General/SC/ST per some scheme variants)",Passed previous qualifying class/exam; enrolled in recognized UP institution,"₹15,000-₹50,000",,,,"Aadhaar Card, Income Certificate, Category/Caste Certificate (if applicable), Domicile Certificate (state schemes), Previous Marksheet, Bonafide/Admission Certificate, Aadhaar-linked Bank Passbook",education_level=Post-Matric AND category=PwD AND domicile=Uttar Pradesh,https://scholarship.up.gov.in,post_matric,PwD,250000.0,https://scholarship.up.gov.in,https://scholarship.up.gov.in
NSP100,Begum Hazrat Mahal National Scholarship,Ministry of Minority Affairs,Ministry of Minority Affairs,Central Sector (Merit),2026-27,School (Class 9-12),Not Specified,All India,"Muslim, Christian, Sikh, Jain, Buddhist, Parsi",Female,"₹2,00,000 per annum",50% marks in previous class/qualifying exam,"₹5,000 (Class 9-10), ₹6,000 (Class 11-12)",,,,Not Specified,gender=Female AND category=Minority AND income<=200000 AND education_level=School (Class 9-12),https://scholarships.gov.in,school,Muslim|Christian|Sikh|Jain|Buddhist|Parsi|Minority,200000.0,https://scholarships.gov.in,https://scholarships.gov.in
NSP101,PG Indira Gandhi Scholarship for Single Girl Child,University Grants Commission (UGC),University Grants Commission (UGC),Central Sector (Merit),2026-27,Postgraduate,Not Specified,All India,Not Specified,Female,Not Specified,Only girl child in family; first year of full-time regular Master's programme; age up to 30 years,"₹36,200 per annum for two years",,,,Not Specified,gender=Female AND education_level=Postgraduate AND single_girl_child=True AND age<=30,https://scholarships.gov.in,postgraduate,Not Specified,,https://scholarships.gov.in,https://scholarships.gov.in
NSP102,PG Scholarship for University Rank Holders,University Grants Commission (UGC),University Grants Commission (UGC),Central Sector (Merit),2026-27,Postgraduate,Not Specified,All India,Not Specified,All,Not Specified,First or second rank in graduation exam with 60%+ marks; age up to 30 years; graduation in specified disciplines,"₹3,100 per month for two years",,,,Not Specified,education_level=Postgraduate AND university_rank_holder=True AND age<=30,https://scholarships.gov.in,postgraduate,Not Specified,,https://scholarships.gov.in,https://scholarships.gov.in
NSP103,PG Scholarship Scheme for SC/ST Students for Professional Courses,University Grants Commission (UGC),University Grants Commission (UGC),Central Sector (Welfare),2026-27,Postgraduate,Not Specified,All India,"SC, ST",All,Not Specified,First year of a professional postgraduate course at a recognised institution,"₹7,800/month (ME/MTech), ₹4,500/month (other professional courses), for 2 years",,,,Not Specified,"category=SC, ST AND education_level=Postgraduate AND professional_course=True",https://scholarships.gov.in,postgraduate,SC|ST,,https://scholarships.gov.in,https://scholarships.gov.in
MAH001,DTE Dr. Punjabrao Deshmukh Vasatigruh Nirvah Bhatta Yojna - Maharashtra,Government of Maharashtra,Government of Maharashtra,State Scheme,2026-27,"Undergraduate, Postgraduate",Not Specified,Maharashtra,Wards of registered labourers / marginal landholder families,All,"₹8,00,000 per annum","Admitted to technical, professional or non-professional UG/PG course","Up to ₹30,000 for 10 months",2026-06-01,,,Not Specified,"education_level=Undergraduate, Postgraduate AND income<=800000 AND domicile=Maharashtra",https://mahadbt2.maharashtra.gov.in,postgraduate|undergraduate,Wards of registered labourers / marginal landholder families,800000.0,https://mahadbt.maharashtra.gov.in,https://mahadbt.maharashtra.gov.in
MAH002,Education Concession to Children of Freedom Fighters - Maharashtra,Government of Maharashtra,Government of Maharashtra,State Scheme,2026-27,"Undergraduate, Postgraduate",Not Specified,Maharashtra,Children of Freedom Fighters,All,Not Specified,"Ward, widow or wife of a freedom fighter; studying in an institution located in Maharashtra","₹50/month (UG/PG), ₹60/month (engineering); book allowance ₹200/year (UG/PG), ₹400/year (engineering)",2026-06-01,,,Not Specified,category=Freedom Fighter Family AND domicile=Maharashtra,https://mahadbt2.maharashtra.gov.in,postgraduate|undergraduate,Children of Freedom Fighters,,https://mahadbt.maharashtra.gov.in,https://mahadbt.maharashtra.gov.in
MAH003,Government Research Adhichatra - Maharashtra,Government of Maharashtra,Government of Maharashtra,State Scheme,2026-27,Postgraduate,Not Specified,Maharashtra,Not Specified,All,Not Specified,60%+ marks in postgraduate course; studying at specified government institutes/universities in Maharashtra,"₹750 per month + ₹1,000 per annum for other expenses",2026-06-01,,,Not Specified,education_level=Postgraduate AND domicile=Maharashtra,https://mahadbt2.maharashtra.gov.in,postgraduate,Not Specified,,https://mahadbt.maharashtra.gov.in,https://mahadbt.maharashtra.gov.in
MAH004,Jawaharlal Nehru University Scholarship - Maharashtra,Government of Maharashtra,Government of Maharashtra,State Scheme,2026-27,"Undergraduate, Postgraduate",Not Specified,Maharashtra,Not Specified,All,Not Specified,Admitted to Jawaharlal Nehru University (JNU) at graduation or postgraduation level,"₹8,000/month + ₹10,000 per annum allowance",2026-06-01,,,Not Specified,"education_level=Undergraduate, Postgraduate AND domicile=Maharashtra",https://mahadbt2.maharashtra.gov.in,postgraduate|undergraduate,Not Specified,,https://mahadbt.maharashtra.gov.in,https://mahadbt.maharashtra.gov.in
MAH005,Maintenance Allowance to VJNT and SBC Students in Professional Courses - Maharashtra,Government of Maharashtra,Government of Maharashtra,State Scheme,2026-27,Professional courses,Not Specified,Maharashtra,"VJNT, SBC",All,"₹1,00,000 per annum",Pursuing a professional course; resides in a government hostel attached to the college,4-5 year course: ₹700/month for 10 months; 2-3 year and up to 2 year course: ₹500/month for 10 months,2026-06-01,,,Not Specified,"education_level=Professional courses AND category=VJNT, SBC AND income<=100000 AND domicile=Maharashtra",https://mahadbt2.maharashtra.gov.in,,VJNT|SBC,100000.0,https://mahadbt.maharashtra.gov.in,https://mahadbt.maharashtra.gov.in
MAH006,Post-Matric Scholarship to SBC Students - Maharashtra,Government of Maharashtra,Government of Maharashtra,State Scheme,2026-27,Post-Matric,Not Specified,Maharashtra,SBC,All,Not Specified,Studying at post-matric level; not employed full-time or repeating the same class; 75%+ attendance,Hostellers ₹150-₹425/month; day scholars ₹90-₹190/month,2026-06-01,,,Not Specified,education_level=Post-Matric AND category=SBC AND domicile=Maharashtra,https://mahadbt2.maharashtra.gov.in,post_matric,SBC,,https://mahadbt.maharashtra.gov.in,https://mahadbt.maharashtra.gov.in
MAH007,State Government Daxshina Adhichatra Scholarship - Maharashtra,Government of Maharashtra,Government of Maharashtra,State Scheme,2026-27,Not Specified,Not Specified,Maharashtra,Not Specified,All,Not Specified,Graduate from a non-agricultural university; studying in Maharashtra,₹250 per month,2026-06-01,,,Not Specified,domicile=Maharashtra,https://mahadbt2.maharashtra.gov.in,,Not Specified,,https://mahadbt.maharashtra.gov.in,https://mahadbt.maharashtra.gov.in
MAH008,Tuition Fees and Examination Fees to OBC Students - Maharashtra,Government of Maharashtra,Government of Maharashtra,State Scheme,2026-27,Post-Matric (Class 11 to Postgraduate),Not Specified,Maharashtra,OBC,All,"₹8,00,000 per annum",Studying from Class 11 to postgraduate level,"Tuition, lab, library, admission, term, gymkhana and examination fees",2026-06-01,,,Not Specified,education_level=Post-Matric AND category=OBC AND income<=800000 AND domicile=Maharashtra,https://mahadbt2.maharashtra.gov.in,post_matric,OBC,800000.0,https://mahadbt.maharashtra.gov.in,https://mahadbt.maharashtra.gov.in
MAH009,Tuition Fees and Examination Fees to SBC Students - Maharashtra,Government of Maharashtra,Government of Maharashtra,State Scheme,2026-27,Post-Matric,Not Specified,Maharashtra,SBC,All,"₹8,00,000 per annum",Post-matric level in a government or government-aided institution; admission through CAP process,"Reimbursement of tuition, examination and other admissible fees",2026-06-01,,,Not Specified,education_level=Post-Matric AND category=SBC AND income<=800000 AND domicile=Maharashtra,https://mahadbt2.maharashtra.gov.in,post_matric,SBC,800000.0,https://mahadbt.maharashtra.gov.in,https://mahadbt.maharashtra.gov.in
MAH010,Vocational Education Fee Reimbursement - Maharashtra,Government of Maharashtra,Government of Maharashtra,State Scheme,2026-27,Professional courses,Not Specified,Maharashtra,Not Specified,All,"₹2,50,000 per annum","Enrolled in vocational courses (Pharmacy, Engineering, MBA, etc.)",Tuition and exam fees as per approved college fee structure,2026-06-01,,,Not Specified,education_level=Professional courses AND income<=250000 AND domicile=Maharashtra,https://mahadbt2.maharashtra.gov.in,,Not Specified,250000.0,https://mahadbt.maharashtra.gov.in,https://mahadbt.maharashtra.gov.in
MAH011,Vocational Education Maintenance Allowance to ST Students - Maharashtra,Government of Maharashtra,Government of Maharashtra,State Scheme,2026-27,Professional courses,Not Specified,Maharashtra,ST,All,"₹2,50,000 per annum",Pursuing vocational courses; passed previous exam,"4-5 year course: ₹10,000 (hostellers), ₹7,000 (day scholars); 2-3 year: ₹7,000/₹5,000; up to 2 year: ₹5,000 (both)",2026-06-01,,,Not Specified,education_level=Professional courses AND category=ST AND income<=250000 AND domicile=Maharashtra,https://mahadbt2.maharashtra.gov.in,,ST,250000.0,https://mahadbt.maharashtra.gov.in,https://mahadbt.maharashtra.gov.in
KAR001,National Overseas Scholarship for Minority Community Students - Karnataka,"Directorate of Minorities, Govt of Karnataka","Directorate of Minorities, Govt of Karnataka",State Scheme,2026-27,Postgraduate,Not Specified,Karnataka,Minority,All,"₹6,00,000 (up to ₹20 lakh benefit) / ₹10,00,000 (up to ₹15 lakh benefit) per annum",Master's course at a QS Top 500 university abroad; Karnataka domicile,Up to ₹20 lakh for two years (income below ₹6 lakh); up to ₹15 lakh for two years (income below ₹10 lakh),,,,Not Specified,education_level=Postgraduate AND category=Minority AND income<=1000000 AND domicile=Karnataka,Not Specified,postgraduate,Minority,1000000.0,,
KAR002,Prabhuddha Overseas Scholarship - Karnataka,"Social Welfare Department, Govt of Karnataka","Social Welfare Department, Govt of Karnataka",State Scheme,2026-27,"Undergraduate, Postgraduate, PhD",Not Specified,Karnataka,"SC, ST",All,Not Specified,Age 21-25; 55%+ in qualifying degree (PG/doctoral) or 80%+ in Class 12 (UG); valid GRE/GMAT/TOEFL/IELTS score,100% financial assistance for overseas education,,,,Not Specified,"category=SC, ST AND age>=21 AND age<=25 AND domicile=Karnataka",Not Specified,phd|postgraduate|undergraduate,SC|ST,,,
KAR003,Research Guidance PhD Fellowship for Backward Classes - Karnataka,"Department of Backward Classes Welfare, Govt of Karnataka","Department of Backward Classes Welfare, Govt of Karnataka",State Scheme,2026-27,PhD,Not Specified,Karnataka,"Backward Classes (Category 1, 2A, 3A, 3B)",All,"₹4,50,000 (Category 1) / ₹3,50,000 (Category 2A, 3A, 3B) per annum",Full-time PhD; 55%+ marks in master's degree,"₹10,000 per month for up to three years",,,,Not Specified,education_level=PhD AND category=Backward Classes AND income<=450000 AND domicile=Karnataka,Not Specified,phd,"Backward Classes (Category 1, 2A, 3A, 3B)",450000.0,,
KAR004,Incentive for SSLC and 2nd PUC Students (Minorities) - Karnataka,"Directorate of Minorities, Govt of Karnataka","Directorate of Minorities, Govt of Karnataka",State Scheme,2026-27,School (Class 10 and Class 12 pass-outs),Not Specified,Karnataka,Minority,All,Not Specified,"85%+ marks in SSLC or 2nd PUC board exam; top 1,000 students in each","One-time incentive: ₹10,000 (SSLC), ₹20,000 (2nd PUC)",,,,Not Specified,category=Minority AND education_level=School AND domicile=Karnataka,Not Specified,school,Minority,,,
KAR005,MPhil and PhD Fellowship for Minority Students - Karnataka,"Directorate of Minorities, Govt of Karnataka","Directorate of Minorities, Govt of Karnataka",State Scheme,2026-27,"MPhil, PhD",Not Specified,Karnataka,"Muslim, Christian, Sikh, Buddhist, Parsi",All,"₹8,00,000 per annum",Full-time MPhil/PhD; age up to 35 years,"₹10,000/month (PhD), ₹8,000/month (MPhil)",,,,Not Specified,education_level=PhD AND category=Minority AND income<=800000 AND age<=35 AND domicile=Karnataka,Not Specified,phd,Muslim|Christian|Sikh|Buddhist|Parsi|Minority,800000.0,,
